id,deviceId,deviceName,deviceConfigSlaveId,templateVariableId,organizationId,organizationName,name,displayName,unit,currentValue,lastUpdatedAt,isActive,deviceStatus
127fd0e0-01d0-5cb8-995f-cd4dfdb8e89e,a0a447f8-db0a-2d48-0e7b-e8b8f43c52e9,Energy Meter 001,abc01f7a-b4a4-4f0e-2e5f-4e77d29e1839,80b8e3c4-f2a3-ad03-21c3-37f6f1bef96e,260d819a-2473-7045-7f10-1a415c5df668,Greenfield Energy Co,VoltageA,Voltage Phase A,V,228.78,2026-08-06T09:56:24.000Z,true,ONLINE
5b85a39e-0065-1df9-9eb7-954c793b4a42,a0a447f8-db0a-2d48-0e7b-e8b8f43c52e9,Energy Meter 001,abc01f7a-b4a4-4f0e-2e5f-4e77d29e1839,0300bbe8-cd7b-459f-f739-53b15fa9f108,260d819a-2473-7045-7f10-1a415c5df668,Greenfield Energy Co,VoltageB,Voltage Phase B,V,227.59,2026-08-06T09:56:24.000Z,true,ONLINE
96359c4f-a17f-14fc-f3f9-1caff50df5e5,a0a447f8-db0a-2d48-0e7b-e8b8f43c52e9,Energy Meter 001,abc01f7a-b4a4-4f0e-2e5f-4e77d29e1839,34f98acf-005d-729a-a061-64f0c206b9ab,260d819a-2473-7045-7f10-1a415c5df668,Greenfield Energy Co,VoltageC,Voltage Phase C,V,230.17,2026-08-06T09:56:24.000Z,true,ONLINE
20830bff-4b7d-6b99-5604-822d9bb83781,a0a447f8-db0a-2d48-0e7b-e8b8f43c52e9,Energy Meter 001,abc01f7a-b4a4-4f0e-2e5f-4e77d29e1839,9b3202f4-a929-1c9f-85f8-d83afd917313,260d819a-2473-7045-7f10-1a415c5df668,Greenfield Energy Co,CurrentA,Current Phase A,A,20.7,2026-08-06T09:56:24.000Z,true,ONLINE
998547ad-127e-93a1-ec94-24dc06c99718,a0a447f8-db0a-2d48-0e7b-e8b8f43c52e9,Energy Meter 001,abc01f7a-b4a4-4f0e-2e5f-4e77d29e1839,4ed3442d-d8ec-a69b-95aa-b7ab36a1b349,260d819a-2473-7045-7f10-1a415c5df668,Greenfield Energy Co,CurrentB,Current Phase B,A,21.04,2026-08-06T09:56:24.000Z,true,ONLINE
17bfe4d3-c7c2-b256-7d73-90a266f9ec99,a0a447f8-db0a-2d48-0e7b-e8b8f43c52e9,Energy Meter 001,abc01f7a-b4a4-4f0e-2e5f-4e77d29e1839,18633cad-0cc2-d97c-5908-20baa242ac30,260d819a-2473-7045-7f10-1a415c5df668,Greenfield Energy Co,CurrentC,Current Phase C,A,20.27,2026-08-06T09:56:24.000Z,true,ONLINE
dcf418ee-d637-e587-c49c-a985da0af123,a0a447f8-db0a-2d48-0e7b-e8b8f43c52e9,Energy Meter 001,abc01f7a-b4a4-4f0e-2e5f-4e77d29e1839,4bd39f59-529d-047e-90c3-b01bf2255793,260d819a-2473-7045-7f10-1a415c5df668,Greenfield Energy Co,ActivePower,Active Power,kW,4.63,2026-08-06T09:56:24.000Z,true,ONLINE
4b449722-1bbd-fcac-2b30-a30098f60318,a0a447f8-db0a-2d48-0e7b-e8b8f43c52e9,Energy Meter 001,abc01f7a-b4a4-4f0e-2e5f-4e77d29e1839,365669b3-99e9-74e8-2d4e-9b048ea31791,260d819a-2473-7045-7f10-1a415c5df668,Greenfield Energy Co,ReactivePower,Reactive Power,kVar,2.05,2026-08-06T09:56:24.000Z,true,ONLINE
6d0fcfcb-6bad-97df-4faa-c616ab8ea7b7,a0a447f8-db0a-2d48-0e7b-e8b8f43c52e9,Energy Meter 001,abc01f7a-b4a4-4f0e-2e5f-4e77d29e1839,36091dfc-a9e2-425c-10e5-e00b4c591f8d,260d819a-2473-7045-7f10-1a415c5df668,Greenfield Energy Co,ApparentPower,Apparent Power,kVA,5.6,2026-08-06T09:56:24.000Z,true,ONLINE
3cb64f8a-c94f-eeb1-35f0-c5ffb15165a1,a0a447f8-db0a-2d48-0e7b-e8b8f43c52e9,Energy Meter 001,abc01f7a-b4a4-4f0e-2e5f-4e77d29e1839,3a8b1634-4902-b66b-17b1-2855d7fafc5e,260d819a-2473-7045-7f10-1a415c5df668,Greenfield Energy Co,PowerConsumption,Energy Consumption,kWh,8.7,2026-08-06T09:56:24.000Z,true,ONLINE
7792cccd-2355-c137-a898-a1c9f88ccc25,a0a447f8-db0a-2d48-0e7b-e8b8f43c52e9,Energy Meter 001,abc01f7a-b4a4-4f0e-2e5f-4e77d29e1839,e641d2dd-28fe-758b-9029-5d158d840eef,260d819a-2473-7045-7f10-1a415c5df668,Greenfield Energy Co,ExportPower,Export Energy,kWh,3.7,2026-08-06T09:56:24.000Z,true,ONLINE
a5791275-b976-04b0-db79-6cc603322633,a0a447f8-db0a-2d48-0e7b-e8b8f43c52e9,Energy Meter 001,abc01f7a-b4a4-4f0e-2e5f-4e77d29e1839,58f92e52-f1a8-5edc-1532-d07eb351baa1,260d819a-2473-7045-7f10-1a415c5df668,Greenfield Energy Co,PowerFactor,Power Factor,ratio,0.85,2026-08-06T09:56:24.000Z,true,ONLINE
0980f839-4238-035c-42f7-daf01fd6f5ab,a0a447f8-db0a-2d48-0e7b-e8b8f43c52e9,Energy Meter 001,abc01f7a-b4a4-4f0e-2e5f-4e77d29e1839,aaed21d3-15cd-be02-8ab0-f1402c64df1e,260d819a-2473-7045-7f10-1a415c5df668,Greenfield Energy Co,Frequency,Frequency,Hz,49.98,2026-08-06T09:56:24.000Z,true,ONLINE
f0a1b5a2-e5b9-a18f-c6ef-ccf581c73fa2,a0a447f8-db0a-2d48-0e7b-e8b8f43c52e9,Energy Meter 001,abc01f7a-b4a4-4f0e-2e5f-4e77d29e1839,976743b1-aab6-1132-1dcb-f76d25b0ce99,260d819a-2473-7045-7f10-1a415c5df668,Greenfield Energy Co,VoltageImbalance,Voltage Imbalance,%,2.08,2026-08-06T09:56:24.000Z,true,ONLINE
2969dde1-831d-cf62-0b01-7356248a91e6,a0a447f8-db0a-2d48-0e7b-e8b8f43c52e9,Energy Meter 001,abc01f7a-b4a4-4f0e-2e5f-4e77d29e1839,72a0991f-228c-44c5-39ed-0028070c266b,260d819a-2473-7045-7f10-1a415c5df668,Greenfield Energy Co,CurrentImbalance,Current Imbalance,%,4.22,2026-08-06T09:56:24.000Z,true,ONLINE
ecd6f902-d18d-85a3-3e87-e44d85317618,a0a447f8-db0a-2d48-0e7b-e8b8f43c52e9,Energy Meter 001,abc01f7a-b4a4-4f0e-2e5f-4e77d29e1839,92e1e13b-07b9-001b-f29c-c722e74da5a1,260d819a-2473-7045-7f10-1a415c5df668,Greenfield Energy Co,THD_V,THD Voltage,%,2.3,2026-08-06T09:56:24.000Z,true,ONLINE
b18d810e-bc2d-7e93-dec7-2094f0b888d0,a0a447f8-db0a-2d48-0e7b-e8b8f43c52e9,Energy Meter 001,abc01f7a-b4a4-4f0e-2e5f-4e77d29e1839,bb9a912b-5e54-c6aa-bc61-6c64324bc824,260d819a-2473-7045-7f10-1a415c5df668,Greenfield Energy Co,THD_I,THD Current,%,6.53,2026-08-06T09:56:24.000Z,true,ONLINE
9c1aaa7f-806f-b646-a170-208a4b6a76fe,a0a447f8-db0a-2d48-0e7b-e8b8f43c52e9,Energy Meter 001,abc01f7a-b4a4-4f0e-2e5f-4e77d29e1839,a51fd81b-87d7-1fd6-0784-f2812a481ee8,260d819a-2473-7045-7f10-1a415c5df668,Greenfield Energy Co,TotalCost,Total Cost,PKR,13.7,2026-08-06T09:56:24.000Z,true,ONLINE
424269fe-0070-c246-ae7a-a7daeb42d1ef,ad0e1a81-3899-cf0d-3834-b15139c91c27,Energy Meter 002,76a4280b-3245-06b3-a5b2-4aa080748037,80b8e3c4-f2a3-ad03-21c3-37f6f1bef96e,260d819a-2473-7045-7f10-1a415c5df668,Greenfield Energy Co,VoltageA,Voltage Phase A,V,226.18,2026-08-06T09:55:48.000Z,true,ONLINE
a99abc3d-0892-ccac-f1d4-0fb0b5b312da,ad0e1a81-3899-cf0d-3834-b15139c91c27,Energy Meter 002,76a4280b-3245-06b3-a5b2-4aa080748037,0300bbe8-cd7b-459f-f739-53b15fa9f108,260d819a-2473-7045-7f10-1a415c5df668,Greenfield Energy Co,VoltageB,Voltage Phase B,V,225.24,2026-08-06T09:55:48.000Z,true,ONLINE
70d188bb-b538-5539-d9d4-1122e871b16d,ad0e1a81-3899-cf0d-3834-b15139c91c27,Energy Meter 002,76a4280b-3245-06b3-a5b2-4aa080748037,34f98acf-005d-729a-a061-64f0c206b9ab,260d819a-2473-7045-7f10-1a415c5df668,Greenfield Energy Co,VoltageC,Voltage Phase C,V,228.21,2026-08-06T09:55:48.000Z,true,ONLINE
62e4695a-da35-4141-4e56-84130a61a35e,ad0e1a81-3899-cf0d-3834-b15139c91c27,Energy Meter 002,76a4280b-3245-06b3-a5b2-4aa080748037,9b3202f4-a929-1c9f-85f8-d83afd917313,260d819a-2473-7045-7f10-1a415c5df668,Greenfield Energy Co,CurrentA,Current Phase A,A,17.82,2026-08-06T09:55:48.000Z,true,ONLINE
0d711859-2c03-caad-6864-ff26a669f239,ad0e1a81-3899-cf0d-3834-b15139c91c27,Energy Meter 002,76a4280b-3245-06b3-a5b2-4aa080748037,4ed3442d-d8ec-a69b-95aa-b7ab36a1b349,260d819a-2473-7045-7f10-1a415c5df668,Greenfield Energy Co,CurrentB,Current Phase B,A,17.75,2026-08-06T09:55:48.000Z,true,ONLINE
e57acfe0-7ae4-f568-49d5-855420be701b,ad0e1a81-3899-cf0d-3834-b15139c91c27,Energy Meter 002,76a4280b-3245-06b3-a5b2-4aa080748037,18633cad-0cc2-d97c-5908-20baa242ac30,260d819a-2473-7045-7f10-1a415c5df668,Greenfield Energy Co,CurrentC,Current Phase C,A,17,2026-08-06T09:55:48.000Z,true,ONLINE
921546f9-52be-d2d3-5b78-2d9fe1ca6362,ad0e1a81-3899-cf0d-3834-b15139c91c27,Energy Meter 002,76a4280b-3245-06b3-a5b2-4aa080748037,4bd39f59-529d-047e-90c3-b01bf2255793,260d819a-2473-7045-7f10-1a415c5df668,Greenfield Energy Co,ActivePower,Active Power,kW,3.61,2026-08-06T09:55:48.000Z,true,ONLINE
23c34071-700a-fd57-24bb-76f208756d25,ad0e1a81-3899-cf0d-3834-b15139c91c27,Energy Meter 002,76a4280b-3245-06b3-a5b2-4aa080748037,365669b3-99e9-74e8-2d4e-9b048ea31791,260d819a-2473-7045-7f10-1a415c5df668,Greenfield Energy Co,ReactivePower,Reactive Power,kVar,1.7,2026-08-06T09:55:48.000Z,true,ONLINE
dc58f5ec-2b94-a4cc-614a-b72898783cca,ad0e1a81-3899-cf0d-3834-b15139c91c27,Energy Meter 002,76a4280b-3245-06b3-a5b2-4aa080748037,36091dfc-a9e2-425c-10e5-e00b4c591f8d,260d819a-2473-7045-7f10-1a415c5df668,Greenfield Energy Co,ApparentPower,Apparent Power,kVA,4.23,2026-08-06T09:55:48.000Z,true,ONLINE
703cd0db-6507-9a0e-4568-9f449697bdf0,ad0e1a81-3899-cf0d-3834-b15139c91c27,Energy Meter 002,76a4280b-3245-06b3-a5b2-4aa080748037,3a8b1634-4902-b66b-17b1-2855d7fafc5e,260d819a-2473-7045-7f10-1a415c5df668,Greenfield Energy Co,PowerConsumption,Energy Consumption,kWh,12.4,2026-08-06T09:55:48.000Z,true,ONLINE
140af9b1-81d0-4eeb-f7e8-d2da6c24444c,ad0e1a81-3899-cf0d-3834-b15139c91c27,Energy Meter 002,76a4280b-3245-06b3-a5b2-4aa080748037,e641d2dd-28fe-758b-9029-5d158d840eef,260d819a-2473-7045-7f10-1a415c5df668,Greenfield Energy Co,ExportPower,Export Energy,kWh,7.4,2026-08-06T09:55:48.000Z,true,ONLINE
aca70f2b-1751-80af-b114-44b90a312567,ad0e1a81-3899-cf0d-3834-b15139c91c27,Energy Meter 002,76a4280b-3245-06b3-a5b2-4aa080748037,58f92e52-f1a8-5edc-1532-d07eb351baa1,260d819a-2473-7045-7f10-1a415c5df668,Greenfield Energy Co,PowerFactor,Power Factor,ratio,0.82,2026-08-06T09:55:48.000Z,true,ONLINE
232cd428-d73d-9bdc-46a0-ddfde6e7fdac,ad0e1a81-3899-cf0d-3834-b15139c91c27,Energy Meter 002,76a4280b-3245-06b3-a5b2-4aa080748037,aaed21d3-15cd-be02-8ab0-f1402c64df1e,260d819a-2473-7045-7f10-1a415c5df668,Greenfield Energy Co,Frequency,Frequency,Hz,49.88,2026-08-06T09:55:48.000Z,true,ONLINE
d55a40f1-f3af-a5ab-bf3e-694b4fdc636c,ad0e1a81-3899-cf0d-3834-b15139c91c27,Energy Meter 002,76a4280b-3245-06b3-a5b2-4aa080748037,976743b1-aab6-1132-1dcb-f76d25b0ce99,260d819a-2473-7045-7f10-1a415c5df668,Greenfield Energy Co,VoltageImbalance,Voltage Imbalance,%,1.55,2026-08-06T09:55:48.000Z,true,ONLINE
0f3b33ad-149b-d5f7-7ab1-779103d0cba9,ad0e1a81-3899-cf0d-3834-b15139c91c27,Energy Meter 002,76a4280b-3245-06b3-a5b2-4aa080748037,72a0991f-228c-44c5-39ed-0028070c266b,260d819a-2473-7045-7f10-1a415c5df668,Greenfield Energy Co,CurrentImbalance,Current Imbalance,%,3.4,2026-08-06T09:55:48.000Z,true,ONLINE
5551057a-c991-bacc-efac-81ab460598fb,ad0e1a81-3899-cf0d-3834-b15139c91c27,Energy Meter 002,76a4280b-3245-06b3-a5b2-4aa080748037,92e1e13b-07b9-001b-f29c-c722e74da5a1,260d819a-2473-7045-7f10-1a415c5df668,Greenfield Energy Co,THD_V,THD Voltage,%,1.73,2026-08-06T09:55:48.000Z,true,ONLINE
ef65c92d-cd21-dca4-edb9-dc213630d7b8,ad0e1a81-3899-cf0d-3834-b15139c91c27,Energy Meter 002,76a4280b-3245-06b3-a5b2-4aa080748037,bb9a912b-5e54-c6aa-bc61-6c64324bc824,260d819a-2473-7045-7f10-1a415c5df668,Greenfield Energy Co,THD_I,THD Current,%,4.75,2026-08-06T09:55:48.000Z,true,ONLINE
88c0f214-3db8-c7a5-5f2e-90f90780564c,ad0e1a81-3899-cf0d-3834-b15139c91c27,Energy Meter 002,76a4280b-3245-06b3-a5b2-4aa080748037,a51fd81b-87d7-1fd6-0784-f2812a481ee8,260d819a-2473-7045-7f10-1a415c5df668,Greenfield Energy Co,TotalCost,Total Cost,PKR,17.4,2026-08-06T09:55:48.000Z,true,ONLINE
b8f82968-efd9-a2cf-298e-55dc66017473,50721269-e628-a519-53b1-711cf83e4517,Energy Meter 003,ffcba61c-41dc-0ad6-dfa0-e51a19826942,80b8e3c4-f2a3-ad03-21c3-37f6f1bef96e,260d819a-2473-7045-7f10-1a415c5df668,Greenfield Energy Co,VoltageA,Voltage Phase A,V,231.21,2026-08-06T09:55:12.000Z,true,ONLINE
a5942bf0-0bde-6712-f9c0-ab00c0605219,50721269-e628-a519-53b1-711cf83e4517,Energy Meter 003,ffcba61c-41dc-0ad6-dfa0-e51a19826942,0300bbe8-cd7b-459f-f739-53b15fa9f108,260d819a-2473-7045-7f10-1a415c5df668,Greenfield Energy Co,VoltageB,Voltage Phase B,V,230.82,2026-08-06T09:55:12.000Z,true,ONLINE
b222192d-92fe-600e-ead6-0c6b7d86192b,50721269-e628-a519-53b1-711cf83e4517,Energy Meter 003,ffcba61c-41dc-0ad6-dfa0-e51a19826942,34f98acf-005d-729a-a061-64f0c206b9ab,260d819a-2473-7045-7f10-1a415c5df668,Greenfield Energy Co,VoltageC,Voltage Phase C,V,233.17,2026-08-06T09:55:12.000Z,true,ONLINE
b2991366-bdf0-f1f1-74eb-3d2cfb4bcac2,50721269-e628-a519-53b1-711cf83e4517,Energy Meter 003,ffcba61c-41dc-0ad6-dfa0-e51a19826942,9b3202f4-a929-1c9f-85f8-d83afd917313,260d819a-2473-7045-7f10-1a415c5df668,Greenfield Energy Co,CurrentA,Current Phase A,A,27.02,2026-08-06T09:55:12.000Z,true,ONLINE
69f5223d-5854-fc3f-6bff-b6839585a77b,50721269-e628-a519-53b1-711cf83e4517,Energy Meter 003,ffcba61c-41dc-0ad6-dfa0-e51a19826942,4ed3442d-d8ec-a69b-95aa-b7ab36a1b349,260d819a-2473-7045-7f10-1a415c5df668,Greenfield Energy Co,CurrentB,Current Phase B,A,26.66,2026-08-06T09:55:12.000Z,true,ONLINE
15c2354c-b09d-3818-4518-29ac43566314,50721269-e628-a519-53b1-711cf83e4517,Energy Meter 003,ffcba61c-41dc-0ad6-dfa0-e51a19826942,18633cad-0cc2-d97c-5908-20baa242ac30,260d819a-2473-7045-7f10-1a415c5df668,Greenfield Energy Co,CurrentC,Current Phase C,A,26,2026-08-06T09:55:12.000Z,true,ONLINE
7dee1e14-7d86-f0e6-e9cb-57cc5a9e6f23,50721269-e628-a519-53b1-711cf83e4517,Energy Meter 003,ffcba61c-41dc-0ad6-dfa0-e51a19826942,4bd39f59-529d-047e-90c3-b01bf2255793,260d819a-2473-7045-7f10-1a415c5df668,Greenfield Energy Co,ActivePower,Active Power,kW,5.71,2026-08-06T09:55:12.000Z,true,ONLINE
d1b81437-9bc8-2d82-fb13-1dd0bf45b254,50721269-e628-a519-53b1-711cf83e4517,Energy Meter 003,ffcba61c-41dc-0ad6-dfa0-e51a19826942,365669b3-99e9-74e8-2d4e-9b048ea31791,260d819a-2473-7045-7f10-1a415c5df668,Greenfield Energy Co,ReactivePower,Reactive Power,kVar,2.67,2026-08-06T09:55:12.000Z,true,ONLINE
9eaff9da-936b-0284-b5ab-330ac168960d,50721269-e628-a519-53b1-711cf83e4517,Energy Meter 003,ffcba61c-41dc-0ad6-dfa0-e51a19826942,36091dfc-a9e2-425c-10e5-e00b4c591f8d,260d819a-2473-7045-7f10-1a415c5df668,Greenfield Energy Co,ApparentPower,Apparent Power,kVA,6.68,2026-08-06T09:55:12.000Z,true,ONLINE
fc45af8b-49d6-7d22-87f4-a345d960564d,50721269-e628-a519-53b1-711cf83e4517,Energy Meter 003,ffcba61c-41dc-0ad6-dfa0-e51a19826942,3a8b1634-4902-b66b-17b1-2855d7fafc5e,260d819a-2473-7045-7f10-1a415c5df668,Greenfield Energy Co,PowerConsumption,Energy Consumption,kWh,16.1,2026-08-06T09:55:12.000Z,true,ONLINE
167c6b1d-9a57-649d-97af-e1dd66c81f5e,50721269-e628-a519-53b1-711cf83e4517,Energy Meter 003,ffcba61c-41dc-0ad6-dfa0-e51a19826942,e641d2dd-28fe-758b-9029-5d158d840eef,260d819a-2473-7045-7f10-1a415c5df668,Greenfield Energy Co,ExportPower,Export Energy,kWh,11.1,2026-08-06T09:55:12.000Z,true,ONLINE
8d078d00-b6ce-9519-d0f9-ea33f219a22f,50721269-e628-a519-53b1-711cf83e4517,Energy Meter 003,ffcba61c-41dc-0ad6-dfa0-e51a19826942,58f92e52-f1a8-5edc-1532-d07eb351baa1,260d819a-2473-7045-7f10-1a415c5df668,Greenfield Energy Co,PowerFactor,Power Factor,ratio,0.88,2026-08-06T09:55:12.000Z,true,ONLINE
3084f82e-0d61-b799-7291-6b4833a2b69d,50721269-e628-a519-53b1-711cf83e4517,Energy Meter 003,ffcba61c-41dc-0ad6-dfa0-e51a19826942,aaed21d3-15cd-be02-8ab0-f1402c64df1e,260d819a-2473-7045-7f10-1a415c5df668,Greenfield Energy Co,Frequency,Frequency,Hz,50.1,2026-08-06T09:55:12.000Z,true,ONLINE
2f530f29-8da8-c72c-3a2a-bc7d0dbf7381,50721269-e628-a519-53b1-711cf83e4517,Energy Meter 003,ffcba61c-41dc-0ad6-dfa0-e51a19826942,976743b1-aab6-1132-1dcb-f76d25b0ce99,260d819a-2473-7045-7f10-1a415c5df668,Greenfield Energy Co,VoltageImbalance,Voltage Imbalance,%,2.57,2026-08-06T09:55:12.000Z,true,ONLINE
0cbbedb1-27ec-ab0d-f814-f92094e0332d,50721269-e628-a519-53b1-711cf83e4517,Energy Meter 003,ffcba61c-41dc-0ad6-dfa0-e51a19826942,72a0991f-228c-44c5-39ed-0028070c266b,260d819a-2473-7045-7f10-1a415c5df668,Greenfield Energy Co,CurrentImbalance,Current Imbalance,%,4.99,2026-08-06T09:55:12.000Z,true,ONLINE
6496a730-f92c-6623-725d-908840225f57,50721269-e628-a519-53b1-711cf83e4517,Energy Meter 003,ffcba61c-41dc-0ad6-dfa0-e51a19826942,92e1e13b-07b9-001b-f29c-c722e74da5a1,260d819a-2473-7045-7f10-1a415c5df668,Greenfield Energy Co,THD_V,THD Voltage,%,2.68,2026-08-06T09:55:12.000Z,true,ONLINE
e890ede5-4391-58d1-2210-10aa38ce538b,50721269-e628-a519-53b1-711cf83e4517,Energy Meter 003,ffcba61c-41dc-0ad6-dfa0-e51a19826942,bb9a912b-5e54-c6aa-bc61-6c64324bc824,260d819a-2473-7045-7f10-1a415c5df668,Greenfield Energy Co,THD_I,THD Current,%,8,2026-08-06T09:55:12.000Z,true,ONLINE
418a5673-2fc5-a52b-f396-57727db26efc,50721269-e628-a519-53b1-711cf83e4517,Energy Meter 003,ffcba61c-41dc-0ad6-dfa0-e51a19826942,a51fd81b-87d7-1fd6-0784-f2812a481ee8,260d819a-2473-7045-7f10-1a415c5df668,Greenfield Energy Co,TotalCost,Total Cost,PKR,21.1,2026-08-06T09:55:12.000Z,true,ONLINE
d155266a-ed38-1918-be80-9b23e74354d3,0d2db7e0-e983-f028-eb93-08da6e8c362c,Energy Meter 004,23d5b838-2441-3986-6af2-b0e2d9da9bbc,80b8e3c4-f2a3-ad03-21c3-37f6f1bef96e,260d819a-2473-7045-7f10-1a415c5df668,Greenfield Energy Co,VoltageA,Voltage Phase A,V,232.43,2026-08-05T18:00:00.000Z,true,OFFLINE
0ef5f4f2-a610-0e0c-5609-8f57feb5b20b,0d2db7e0-e983-f028-eb93-08da6e8c362c,Energy Meter 004,23d5b838-2441-3986-6af2-b0e2d9da9bbc,0300bbe8-cd7b-459f-f739-53b15fa9f108,260d819a-2473-7045-7f10-1a415c5df668,Greenfield Energy Co,VoltageB,Voltage Phase B,V,232.2,2026-08-05T18:00:00.000Z,true,OFFLINE
36a3aa97-8de1-67d5-fcfe-5d2b85a9de31,0d2db7e0-e983-f028-eb93-08da6e8c362c,Energy Meter 004,23d5b838-2441-3986-6af2-b0e2d9da9bbc,34f98acf-005d-729a-a061-64f0c206b9ab,260d819a-2473-7045-7f10-1a415c5df668,Greenfield Energy Co,VoltageC,Voltage Phase C,V,233.99,2026-08-05T18:00:00.000Z,true,OFFLINE
44875678-c5cf-5782-a936-379121eab943,0d2db7e0-e983-f028-eb93-08da6e8c362c,Energy Meter 004,23d5b838-2441-3986-6af2-b0e2d9da9bbc,9b3202f4-a929-1c9f-85f8-d83afd917313,260d819a-2473-7045-7f10-1a415c5df668,Greenfield Energy Co,CurrentA,Current Phase A,A,28.94,2026-08-05T18:00:00.000Z,true,OFFLINE
7f72b079-0900-9140-1259-80b557fc04d1,0d2db7e0-e983-f028-eb93-08da6e8c362c,Energy Meter 004,23d5b838-2441-3986-6af2-b0e2d9da9bbc,4ed3442d-d8ec-a69b-95aa-b7ab36a1b349,260d819a-2473-7045-7f10-1a415c5df668,Greenfield Energy Co,CurrentB,Current Phase B,A,28.03,2026-08-05T18:00:00.000Z,true,OFFLINE
dfada4b9-e6b4-9809-fe10-0c9aec24b720,0d2db7e0-e983-f028-eb93-08da6e8c362c,Energy Meter 004,23d5b838-2441-3986-6af2-b0e2d9da9bbc,18633cad-0cc2-d97c-5908-20baa242ac30,260d819a-2473-7045-7f10-1a415c5df668,Greenfield Energy Co,CurrentC,Current Phase C,A,27.64,2026-08-05T18:00:00.000Z,true,OFFLINE
26852c17-7362-9bbb-a16f-d88038de6503,0d2db7e0-e983-f028-eb93-08da6e8c362c,Energy Meter 004,23d5b838-2441-3986-6af2-b0e2d9da9bbc,4bd39f59-529d-047e-90c3-b01bf2255793,260d819a-2473-7045-7f10-1a415c5df668,Greenfield Energy Co,ActivePower,Active Power,kW,5.98,2026-08-05T18:00:00.000Z,true,OFFLINE
9891b97c-c8e6-1bd3-f970-c350ec084104,0d2db7e0-e983-f028-eb93-08da6e8c362c,Energy Meter 004,23d5b838-2441-3986-6af2-b0e2d9da9bbc,365669b3-99e9-74e8-2d4e-9b048ea31791,260d819a-2473-7045-7f10-1a415c5df668,Greenfield Energy Co,ReactivePower,Reactive Power,kVar,2.72,2026-08-05T18:00:00.000Z,true,OFFLINE
93cee65d-e28f-4ec9-fe5e-c8a3e6be61b5,0d2db7e0-e983-f028-eb93-08da6e8c362c,Energy Meter 004,23d5b838-2441-3986-6af2-b0e2d9da9bbc,36091dfc-a9e2-425c-10e5-e00b4c591f8d,260d819a-2473-7045-7f10-1a415c5df668,Greenfield Energy Co,ApparentPower,Apparent Power,kVA,6.93,2026-08-05T18:00:00.000Z,true,OFFLINE
a70e9274-1358-463b-8ecc-1a3462f60152,0d2db7e0-e983-f028-eb93-08da6e8c362c,Energy Meter 004,23d5b838-2441-3986-6af2-b0e2d9da9bbc,3a8b1634-4902-b66b-17b1-2855d7fafc5e,260d819a-2473-7045-7f10-1a415c5df668,Greenfield Energy Co,PowerConsumption,Energy Consumption,kWh,19.8,2026-08-05T18:00:00.000Z,true,OFFLINE
379b9f30-9687-66e9-837f-2e024782d04f,0d2db7e0-e983-f028-eb93-08da6e8c362c,Energy Meter 004,23d5b838-2441-3986-6af2-b0e2d9da9bbc,e641d2dd-28fe-758b-9029-5d158d840eef,260d819a-2473-7045-7f10-1a415c5df668,Greenfield Energy Co,ExportPower,Export Energy,kWh,14.8,2026-08-05T18:00:00.000Z,true,OFFLINE
c35c82f9-3403-7f08-239c-1e31f7ba9fa9,0d2db7e0-e983-f028-eb93-08da6e8c362c,Energy Meter 004,23d5b838-2441-3986-6af2-b0e2d9da9bbc,58f92e52-f1a8-5edc-1532-d07eb351baa1,260d819a-2473-7045-7f10-1a415c5df668,Greenfield Energy Co,PowerFactor,Power Factor,ratio,0.89,2026-08-05T18:00:00.000Z,true,OFFLINE
bfb8da92-ad0d-bd72-200c-cabe6b16cc99,0d2db7e0-e983-f028-eb93-08da6e8c362c,Energy Meter 004,23d5b838-2441-3986-6af2-b0e2d9da9bbc,aaed21d3-15cd-be02-8ab0-f1402c64df1e,260d819a-2473-7045-7f10-1a415c5df668,Greenfield Energy Co,Frequency,Frequency,Hz,50.14,2026-08-05T18:00:00.000Z,true,OFFLINE
a5ac5dbb-0300-eace-8e12-a45334fdd4ef,0d2db7e0-e983-f028-eb93-08da6e8c362c,Energy Meter 004,23d5b838-2441-3986-6af2-b0e2d9da9bbc,976743b1-aab6-1132-1dcb-f76d25b0ce99,260d819a-2473-7045-7f10-1a415c5df668,Greenfield Energy Co,VoltageImbalance,Voltage Imbalance,%,2.89,2026-08-05T18:00:00.000Z,true,OFFLINE
dfa344e7-a718-1785-cae9-36a3229e5266,0d2db7e0-e983-f028-eb93-08da6e8c362c,Energy Meter 004,23d5b838-2441-3986-6af2-b0e2d9da9bbc,72a0991f-228c-44c5-39ed-0028070c266b,260d819a-2473-7045-7f10-1a415c5df668,Greenfield Energy Co,CurrentImbalance,Current Imbalance,%,5.44,2026-08-05T18:00:00.000Z,true,OFFLINE
45e7bd4c-517e-d68e-5c15-8f0d1a52f538,0d2db7e0-e983-f028-eb93-08da6e8c362c,Energy Meter 004,23d5b838-2441-3986-6af2-b0e2d9da9bbc,92e1e13b-07b9-001b-f29c-c722e74da5a1,260d819a-2473-7045-7f10-1a415c5df668,Greenfield Energy Co,THD_V,THD Voltage,%,3.06,2026-08-05T18:00:00.000Z,true,OFFLINE
49387ff4-3e6f-ac5c-77b8-661826461b67,0d2db7e0-e983-f028-eb93-08da6e8c362c,Energy Meter 004,23d5b838-2441-3986-6af2-b0e2d9da9bbc,bb9a912b-5e54-c6aa-bc61-6c64324bc824,260d819a-2473-7045-7f10-1a415c5df668,Greenfield Energy Co,THD_I,THD Current,%,8.73,2026-08-05T18:00:00.000Z,true,OFFLINE
74370e05-5498-1b31-d98b-ade3503b57d2,0d2db7e0-e983-f028-eb93-08da6e8c362c,Energy Meter 004,23d5b838-2441-3986-6af2-b0e2d9da9bbc,a51fd81b-87d7-1fd6-0784-f2812a481ee8,260d819a-2473-7045-7f10-1a415c5df668,Greenfield Energy Co,TotalCost,Total Cost,PKR,24.8,2026-08-05T18:00:00.000Z,true,OFFLINE
f13b2b33-4123-4965-df9c-94db802fbd5c,e2d4bff1-5241-8f08-bb25-702cef45696c,Energy Meter 005,e4a7071b-d8bd-3dd5-fbe2-08be375eb766,80b8e3c4-f2a3-ad03-21c3-37f6f1bef96e,260d819a-2473-7045-7f10-1a415c5df668,Greenfield Energy Co,VoltageA,Voltage Phase A,V,227.28,2026-08-05T17:00:00.000Z,true,OFFLINE
ec346189-a918-18ed-7d36-b9b59029e2a2,e2d4bff1-5241-8f08-bb25-702cef45696c,Energy Meter 005,e4a7071b-d8bd-3dd5-fbe2-08be375eb766,0300bbe8-cd7b-459f-f739-53b15fa9f108,260d819a-2473-7045-7f10-1a415c5df668,Greenfield Energy Co,VoltageB,Voltage Phase B,V,226.26,2026-08-05T17:00:00.000Z,true,OFFLINE
0b561a80-9c9a-1ab6-e0ba-b07ba6131eb0,e2d4bff1-5241-8f08-bb25-702cef45696c,Energy Meter 005,e4a7071b-d8bd-3dd5-fbe2-08be375eb766,34f98acf-005d-729a-a061-64f0c206b9ab,260d819a-2473-7045-7f10-1a415c5df668,Greenfield Energy Co,VoltageC,Voltage Phase C,V,228.04,2026-08-05T17:00:00.000Z,true,OFFLINE
0845aff8-4913-1dd4-cd83-adfc9cf8f3dc,e2d4bff1-5241-8f08-bb25-702cef45696c,Energy Meter 005,e4a7071b-d8bd-3dd5-fbe2-08be375eb766,9b3202f4-a929-1c9f-85f8-d83afd917313,260d819a-2473-7045-7f10-1a415c5df668,Greenfield Energy Co,CurrentA,Current Phase A,A,19.44,2026-08-05T17:00:00.000Z,true,OFFLINE
7ab19d91-2301-e238-5acf-9274bee379ac,e2d4bff1-5241-8f08-bb25-702cef45696c,Energy Meter 005,e4a7071b-d8bd-3dd5-fbe2-08be375eb766,4ed3442d-d8ec-a69b-95aa-b7ab36a1b349,260d819a-2473-7045-7f10-1a415c5df668,Greenfield Energy Co,CurrentB,Current Phase B,A,17.51,2026-08-05T17:00:00.000Z,true,OFFLINE
70bf004d-ed19-0773-8947-41712bd016c1,e2d4bff1-5241-8f08-bb25-702cef45696c,Energy Meter 005,e4a7071b-d8bd-3dd5-fbe2-08be375eb766,18633cad-0cc2-d97c-5908-20baa242ac30,260d819a-2473-7045-7f10-1a415c5df668,Greenfield Energy Co,CurrentC,Current Phase C,A,19.31,2026-08-05T17:00:00.000Z,true,OFFLINE
1056f879-28ec-d205-707d-3589b5970dd7,e2d4bff1-5241-8f08-bb25-702cef45696c,Energy Meter 005,e4a7071b-d8bd-3dd5-fbe2-08be375eb766,4bd39f59-529d-047e-90c3-b01bf2255793,260d819a-2473-7045-7f10-1a415c5df668,Greenfield Energy Co,ActivePower,Active Power,kW,4.19,2026-08-05T17:00:00.000Z,true,OFFLINE
a794d6ec-af6d-6c0f-5caa-3f416839eb63,e2d4bff1-5241-8f08-bb25-702cef45696c,Energy Meter 005,e4a7071b-d8bd-3dd5-fbe2-08be375eb766,365669b3-99e9-74e8-2d4e-9b048ea31791,260d819a-2473-7045-7f10-1a415c5df668,Greenfield Energy Co,ReactivePower,Reactive Power,kVar,1.82,2026-08-05T17:00:00.000Z,true,OFFLINE
71c0fff3-608b-c9f0-56ba-6c811de9e6cc,e2d4bff1-5241-8f08-bb25-702cef45696c,Energy Meter 005,e4a7071b-d8bd-3dd5-fbe2-08be375eb766,36091dfc-a9e2-425c-10e5-e00b4c591f8d,260d819a-2473-7045-7f10-1a415c5df668,Greenfield Energy Co,ApparentPower,Apparent Power,kVA,4.82,2026-08-05T17:00:00.000Z,true,OFFLINE
e72e0816-a22c-c71b-c17f-08251bad4ba2,e2d4bff1-5241-8f08-bb25-702cef45696c,Energy Meter 005,e4a7071b-d8bd-3dd5-fbe2-08be375eb766,3a8b1634-4902-b66b-17b1-2855d7fafc5e,260d819a-2473-7045-7f10-1a415c5df668,Greenfield Energy Co,PowerConsumption,Energy Consumption,kWh,23.5,2026-08-05T17:00:00.000Z,true,OFFLINE
90ebc628-12b1-86fc-1a0c-4527db86ac4b,e2d4bff1-5241-8f08-bb25-702cef45696c,Energy Meter 005,e4a7071b-d8bd-3dd5-fbe2-08be375eb766,e641d2dd-28fe-758b-9029-5d158d840eef,260d819a-2473-7045-7f10-1a415c5df668,Greenfield Energy Co,ExportPower,Export Energy,kWh,15,2026-08-05T17:00:00.000Z,true,OFFLINE
d4c9df4b-c703-92f3-c5bf-beff84a8541e,e2d4bff1-5241-8f08-bb25-702cef45696c,Energy Meter 005,e4a7071b-d8bd-3dd5-fbe2-08be375eb766,58f92e52-f1a8-5edc-1532-d07eb351baa1,260d819a-2473-7045-7f10-1a415c5df668,Greenfield Energy Co,PowerFactor,Power Factor,ratio,0.82,2026-08-05T17:00:00.000Z,true,OFFLINE
3a6621fc-cdac-71c6-3c00-dcd22ea2db0e,e2d4bff1-5241-8f08-bb25-702cef45696c,Energy Meter 005,e4a7071b-d8bd-3dd5-fbe2-08be375eb766,aaed21d3-15cd-be02-8ab0-f1402c64df1e,260d819a-2473-7045-7f10-1a415c5df668,Greenfield Energy Co,Frequency,Frequency,Hz,49.88,2026-08-05T17:00:00.000Z,true,OFFLINE
5bcd9ce9-dfe0-c394-10a6-932b132f5794,e2d4bff1-5241-8f08-bb25-702cef45696c,Energy Meter 005,e4a7071b-d8bd-3dd5-fbe2-08be375eb766,976743b1-aab6-1132-1dcb-f76d25b0ce99,260d819a-2473-7045-7f10-1a415c5df668,Greenfield Energy Co,VoltageImbalance,Voltage Imbalance,%,1.78,2026-08-05T17:00:00.000Z,true,OFFLINE
33dfd443-1f2f-1e89-3a22-162e178f249a,e2d4bff1-5241-8f08-bb25-702cef45696c,Energy Meter 005,e4a7071b-d8bd-3dd5-fbe2-08be375eb766,72a0991f-228c-44c5-39ed-0028070c266b,260d819a-2473-7045-7f10-1a415c5df668,Greenfield Energy Co,CurrentImbalance,Current Imbalance,%,3.38,2026-08-05T17:00:00.000Z,true,OFFLINE
8bac9207-06b8-81b0-bc4a-849bff0ec1f3,e2d4bff1-5241-8f08-bb25-702cef45696c,Energy Meter 005,e4a7071b-d8bd-3dd5-fbe2-08be375eb766,92e1e13b-07b9-001b-f29c-c722e74da5a1,260d819a-2473-7045-7f10-1a415c5df668,Greenfield Energy Co,THD_V,THD Voltage,%,1.83,2026-08-05T17:00:00.000Z,true,OFFLINE
c362d96f-52bd-2ee9-3c31-2eb0298a5b63,e2d4bff1-5241-8f08-bb25-702cef45696c,Energy Meter 005,e4a7071b-d8bd-3dd5-fbe2-08be375eb766,bb9a912b-5e54-c6aa-bc61-6c64324bc824,260d819a-2473-7045-7f10-1a415c5df668,Greenfield Energy Co,THD_I,THD Current,%,5.6,2026-08-05T17:00:00.000Z,true,OFFLINE
6d81c385-c56e-9b49-6472-21f737cff381,e2d4bff1-5241-8f08-bb25-702cef45696c,Energy Meter 005,e4a7071b-d8bd-3dd5-fbe2-08be375eb766,a51fd81b-87d7-1fd6-0784-f2812a481ee8,260d819a-2473-7045-7f10-1a415c5df668,Greenfield Energy Co,TotalCost,Total Cost,PKR,28.5,2026-08-05T17:00:00.000Z,true,OFFLINE
992f01b4-5b3d-62b9-c3ce-488f21b2c5a6,1f760f66-0ee2-5f4c-2f8f-7c6c3da709c3,HVAC Meter North,04124948-69e8-6454-6e26-34f9475d9666,80b8e3c4-f2a3-ad03-21c3-37f6f1bef96e,260d819a-2473-7045-7f10-1a415c5df668,Greenfield Energy Co,VoltageA,Voltage Phase A,V,228.01,2026-08-06T09:53:24.000Z,true,ONLINE
41f443fa-068e-d821-29b9-7c5a6dbba38b,1f760f66-0ee2-5f4c-2f8f-7c6c3da709c3,HVAC Meter North,04124948-69e8-6454-6e26-34f9475d9666,0300bbe8-cd7b-459f-f739-53b15fa9f108,260d819a-2473-7045-7f10-1a415c5df668,Greenfield Energy Co,VoltageB,Voltage Phase B,V,226.76,2026-08-06T09:53:24.000Z,true,ONLINE
2c1be61f-55a9-f188-5e90-0b63c7aa635a,1f760f66-0ee2-5f4c-2f8f-7c6c3da709c3,HVAC Meter North,04124948-69e8-6454-6e26-34f9475d9666,34f98acf-005d-729a-a061-64f0c206b9ab,260d819a-2473-7045-7f10-1a415c5df668,Greenfield Energy Co,VoltageC,Voltage Phase C,V,228.43,2026-08-06T09:53:24.000Z,true,ONLINE
6dacabc3-3db4-5470-55a3-9a9739e12318,1f760f66-0ee2-5f4c-2f8f-7c6c3da709c3,HVAC Meter North,04124948-69e8-6454-6e26-34f9475d9666,9b3202f4-a929-1c9f-85f8-d83afd917313,260d819a-2473-7045-7f10-1a415c5df668,Greenfield Energy Co,CurrentA,Current Phase A,A,18.32,2026-08-06T09:53:24.000Z,true,ONLINE
0bc1e9ed-fcd0-399a-cd12-81e7bf0ac54b,1f760f66-0ee2-5f4c-2f8f-7c6c3da709c3,HVAC Meter North,04124948-69e8-6454-6e26-34f9475d9666,4ed3442d-d8ec-a69b-95aa-b7ab36a1b349,260d819a-2473-7045-7f10-1a415c5df668,Greenfield Energy Co,CurrentB,Current Phase B,A,19.35,2026-08-06T09:53:24.000Z,true,ONLINE
244276df-a854-7c92-0460-9194437d03cf,1f760f66-0ee2-5f4c-2f8f-7c6c3da709c3,HVAC Meter North,04124948-69e8-6454-6e26-34f9475d9666,18633cad-0cc2-d97c-5908-20baa242ac30,260d819a-2473-7045-7f10-1a415c5df668,Greenfield Energy Co,CurrentC,Current Phase C,A,19.76,2026-08-06T09:53:24.000Z,true,ONLINE
648e058b-5547-5ed7-64c1-adaaa3bc52dd,1f760f66-0ee2-5f4c-2f8f-7c6c3da709c3,HVAC Meter North,04124948-69e8-6454-6e26-34f9475d9666,4bd39f59-529d-047e-90c3-b01bf2255793,260d819a-2473-7045-7f10-1a415c5df668,Greenfield Energy Co,ActivePower,Active Power,kW,4.31,2026-08-06T09:53:24.000Z,true,ONLINE
bfa4b742-3088-49d7-3583-0261d7d44edd,1f760f66-0ee2-5f4c-2f8f-7c6c3da709c3,HVAC Meter North,04124948-69e8-6454-6e26-34f9475d9666,365669b3-99e9-74e8-2d4e-9b048ea31791,260d819a-2473-7045-7f10-1a415c5df668,Greenfield Energy Co,ReactivePower,Reactive Power,kVar,1.94,2026-08-06T09:53:24.000Z,true,ONLINE
d7ebe0eb-b27f-79da-ffb7-4fd2199175e4,1f760f66-0ee2-5f4c-2f8f-7c6c3da709c3,HVAC Meter North,04124948-69e8-6454-6e26-34f9475d9666,36091dfc-a9e2-425c-10e5-e00b4c591f8d,260d819a-2473-7045-7f10-1a415c5df668,Greenfield Energy Co,ApparentPower,Apparent Power,kVA,5.01,2026-08-06T09:53:24.000Z,true,ONLINE
8d222a1d-da51-e2aa-5d3a-f7e8c390e82a,1f760f66-0ee2-5f4c-2f8f-7c6c3da709c3,HVAC Meter North,04124948-69e8-6454-6e26-34f9475d9666,3a8b1634-4902-b66b-17b1-2855d7fafc5e,260d819a-2473-7045-7f10-1a415c5df668,Greenfield Energy Co,PowerConsumption,Energy Consumption,kWh,27.2,2026-08-06T09:53:24.000Z,true,ONLINE
a1a544df-e8fd-0d1d-fb1e-01a584b00330,1f760f66-0ee2-5f4c-2f8f-7c6c3da709c3,HVAC Meter North,04124948-69e8-6454-6e26-34f9475d9666,e641d2dd-28fe-758b-9029-5d158d840eef,260d819a-2473-7045-7f10-1a415c5df668,Greenfield Energy Co,ExportPower,Export Energy,kWh,15,2026-08-06T09:53:24.000Z,true,ONLINE
e21f21ef-ed12-d705-fe0b-3e88e79a7532,1f760f66-0ee2-5f4c-2f8f-7c6c3da709c3,HVAC Meter North,04124948-69e8-6454-6e26-34f9475d9666,58f92e52-f1a8-5edc-1532-d07eb351baa1,260d819a-2473-7045-7f10-1a415c5df668,Greenfield Energy Co,PowerFactor,Power Factor,ratio,0.83,2026-08-06T09:53:24.000Z,true,ONLINE
8ae49c0a-f2dd-fb99-98de-ffee2bd642b0,1f760f66-0ee2-5f4c-2f8f-7c6c3da709c3,HVAC Meter North,04124948-69e8-6454-6e26-34f9475d9666,aaed21d3-15cd-be02-8ab0-f1402c64df1e,260d819a-2473-7045-7f10-1a415c5df668,Greenfield Energy Co,Frequency,Frequency,Hz,49.89,2026-08-06T09:53:24.000Z,true,ONLINE
f31db54e-c8fd-e70d-8681-2d644471447d,1f760f66-0ee2-5f4c-2f8f-7c6c3da709c3,HVAC Meter North,04124948-69e8-6454-6e26-34f9475d9666,976743b1-aab6-1132-1dcb-f76d25b0ce99,260d819a-2473-7045-7f10-1a415c5df668,Greenfield Energy Co,VoltageImbalance,Voltage Imbalance,%,1.75,2026-08-06T09:53:24.000Z,true,ONLINE
d364e493-eb8a-f61a-419c-3a6ff6d51eb3,1f760f66-0ee2-5f4c-2f8f-7c6c3da709c3,HVAC Meter North,04124948-69e8-6454-6e26-34f9475d9666,72a0991f-228c-44c5-39ed-0028070c266b,260d819a-2473-7045-7f10-1a415c5df668,Greenfield Energy Co,CurrentImbalance,Current Imbalance,%,3.68,2026-08-06T09:53:24.000Z,true,ONLINE
80373d69-e553-8dff-ee13-b3fe770d7bf4,1f760f66-0ee2-5f4c-2f8f-7c6c3da709c3,HVAC Meter North,04124948-69e8-6454-6e26-34f9475d9666,92e1e13b-07b9-001b-f29c-c722e74da5a1,260d819a-2473-7045-7f10-1a415c5df668,Greenfield Energy Co,THD_V,THD Voltage,%,1.99,2026-08-06T09:53:24.000Z,true,ONLINE
819806e6-d0c1-5965-b3b3-fc36b051d1fe,1f760f66-0ee2-5f4c-2f8f-7c6c3da709c3,HVAC Meter North,04124948-69e8-6454-6e26-34f9475d9666,bb9a912b-5e54-c6aa-bc61-6c64324bc824,260d819a-2473-7045-7f10-1a415c5df668,Greenfield Energy Co,THD_I,THD Current,%,6.04,2026-08-06T09:53:24.000Z,true,ONLINE
1dfe9506-cd54-c1ce-48a1-235511c4ce90,1f760f66-0ee2-5f4c-2f8f-7c6c3da709c3,HVAC Meter North,04124948-69e8-6454-6e26-34f9475d9666,a51fd81b-87d7-1fd6-0784-f2812a481ee8,260d819a-2473-7045-7f10-1a415c5df668,Greenfield Energy Co,TotalCost,Total Cost,PKR,32.2,2026-08-06T09:53:24.000Z,true,ONLINE
3620e0fd-ac0c-b50a-e7a6-80dbaad5a3bc,5740cbe5-bac2-1d22-7f9c-e298a8ffc9b8,Press Line Meter A,34f8b660-eb91-a585-124f-772b134bc402,1cb77287-67bf-52d7-6b69-21c7daaa8542,31a45db8-ceab-bc59-3d5b-7ca528c2c637,Riverdale Manufacturing,VoltageA,Voltage Phase A,V,233,2026-08-06T09:52:48.000Z,true,ONLINE
36d231a7-ec14-dec4-e299-01b0705eadcf,5740cbe5-bac2-1d22-7f9c-e298a8ffc9b8,Press Line Meter A,34f8b660-eb91-a585-124f-772b134bc402,9d923ede-6871-958d-501b-df6eca9b68e9,31a45db8-ceab-bc59-3d5b-7ca528c2c637,Riverdale Manufacturing,VoltageB,Voltage Phase B,V,232.39,2026-08-06T09:52:48.000Z,true,ONLINE
5ed0ee0c-0a46-1eeb-95c8-ddd899a4da43,5740cbe5-bac2-1d22-7f9c-e298a8ffc9b8,Press Line Meter A,34f8b660-eb91-a585-124f-772b134bc402,f84bc1b7-167f-3d1a-974c-d85cf4965d3a,31a45db8-ceab-bc59-3d5b-7ca528c2c637,Riverdale Manufacturing,VoltageC,Voltage Phase C,V,234.01,2026-08-06T09:52:48.000Z,true,ONLINE
e48dd516-405e-ad3a-f176-2f05dd0dfb8f,5740cbe5-bac2-1d22-7f9c-e298a8ffc9b8,Press Line Meter A,34f8b660-eb91-a585-124f-772b134bc402,50b0d57f-f8fe-9759-f5b0-997a9799e6b7,31a45db8-ceab-bc59-3d5b-7ca528c2c637,Riverdale Manufacturing,CurrentA,Current Phase A,A,27.67,2026-08-06T09:52:48.000Z,true,ONLINE
a29dde57-bc29-4e69-dccd-ff9f29e2b1cc,5740cbe5-bac2-1d22-7f9c-e298a8ffc9b8,Press Line Meter A,34f8b660-eb91-a585-124f-772b134bc402,d2fe25f1-7c9b-254a-ddbc-0f9fdd56a8c1,31a45db8-ceab-bc59-3d5b-7ca528c2c637,Riverdale Manufacturing,CurrentB,Current Phase B,A,27.74,2026-08-06T09:52:48.000Z,true,ONLINE
c4a0d50a-d2f9-4907-01b2-16ff1d38dde9,5740cbe5-bac2-1d22-7f9c-e298a8ffc9b8,Press Line Meter A,34f8b660-eb91-a585-124f-772b134bc402,2ff313df-8b28-32c7-f528-fdfcb3a3c3d9,31a45db8-ceab-bc59-3d5b-7ca528c2c637,Riverdale Manufacturing,CurrentC,Current Phase C,A,29.39,2026-08-06T09:52:48.000Z,true,ONLINE
bd58c6bc-fc17-347f-85df-026a8110e43a,5740cbe5-bac2-1d22-7f9c-e298a8ffc9b8,Press Line Meter A,34f8b660-eb91-a585-124f-772b134bc402,4495df54-050e-4388-e989-4d2aff528b57,31a45db8-ceab-bc59-3d5b-7ca528c2c637,Riverdale Manufacturing,ActivePower,Active Power,kW,6.38,2026-08-06T09:52:48.000Z,true,ONLINE
17e8c58b-1c9f-40cc-6ad7-473a3a460170,5740cbe5-bac2-1d22-7f9c-e298a8ffc9b8,Press Line Meter A,34f8b660-eb91-a585-124f-772b134bc402,66b1124a-12db-3664-8ced-a7f86d2c5cd2,31a45db8-ceab-bc59-3d5b-7ca528c2c637,Riverdale Manufacturing,ReactivePower,Reactive Power,kVar,2.93,2026-08-06T09:52:48.000Z,true,ONLINE
8a41d5f5-4838-8a2e-e712-d35950079158,5740cbe5-bac2-1d22-7f9c-e298a8ffc9b8,Press Line Meter A,34f8b660-eb91-a585-124f-772b134bc402,138d58e7-2d22-c88c-2a8b-4ffd13aae6d3,31a45db8-ceab-bc59-3d5b-7ca528c2c637,Riverdale Manufacturing,ApparentPower,Apparent Power,kVA,6.97,2026-08-06T09:52:48.000Z,true,ONLINE
6d77ea89-0584-46db-2691-8e62d24982a3,5740cbe5-bac2-1d22-7f9c-e298a8ffc9b8,Press Line Meter A,34f8b660-eb91-a585-124f-772b134bc402,5d4f3e14-2d2f-d3dc-f9b2-34f4145c0681,31a45db8-ceab-bc59-3d5b-7ca528c2c637,Riverdale Manufacturing,PowerConsumption,Energy Consumption,kWh,30.9,2026-08-06T09:52:48.000Z,true,ONLINE
85a9ad78-657b-02e5-b153-bc989fa3dc40,5740cbe5-bac2-1d22-7f9c-e298a8ffc9b8,Press Line Meter A,34f8b660-eb91-a585-124f-772b134bc402,5ccad83e-e499-70c1-986e-45fd592d3a61,31a45db8-ceab-bc59-3d5b-7ca528c2c637,Riverdale Manufacturing,ExportPower,Export Energy,kWh,15,2026-08-06T09:52:48.000Z,true,ONLINE
1488b954-45fb-106c-776e-b0dd7e6e29ed,5740cbe5-bac2-1d22-7f9c-e298a8ffc9b8,Press Line Meter A,34f8b660-eb91-a585-124f-772b134bc402,f358bf80-9136-8ad9-cac3-95146120db5c,31a45db8-ceab-bc59-3d5b-7ca528c2c637,Riverdale Manufacturing,PowerFactor,Power Factor,ratio,0.89,2026-08-06T09:52:48.000Z,true,ONLINE
17379219-7197-e711-68de-826f43f1aaa5,5740cbe5-bac2-1d22-7f9c-e298a8ffc9b8,Press Line Meter A,34f8b660-eb91-a585-124f-772b134bc402,7c9fb04b-0bab-58eb-067f-789f99676b38,31a45db8-ceab-bc59-3d5b-7ca528c2c637,Riverdale Manufacturing,Frequency,Frequency,Hz,50.12,2026-08-06T09:52:48.000Z,true,ONLINE
fd6117c3-fffa-3d4d-b075-b59cb2c15002,5740cbe5-bac2-1d22-7f9c-e298a8ffc9b8,Press Line Meter A,34f8b660-eb91-a585-124f-772b134bc402,01b90889-2a9f-02a9-5300-9b813801670d,31a45db8-ceab-bc59-3d5b-7ca528c2c637,Riverdale Manufacturing,VoltageImbalance,Voltage Imbalance,%,2.83,2026-08-06T09:52:48.000Z,true,ONLINE
8e240c24-fc07-9acc-6c09-f2f8eed41b6b,5740cbe5-bac2-1d22-7f9c-e298a8ffc9b8,Press Line Meter A,34f8b660-eb91-a585-124f-772b134bc402,7dc85aba-6bd0-b5b5-6ef6-b9b3fdd96e0e,31a45db8-ceab-bc59-3d5b-7ca528c2c637,Riverdale Manufacturing,CurrentImbalance,Current Imbalance,%,5.81,2026-08-06T09:52:48.000Z,true,ONLINE
621efd69-bf10-3389-092f-529380cc4359,5740cbe5-bac2-1d22-7f9c-e298a8ffc9b8,Press Line Meter A,34f8b660-eb91-a585-124f-772b134bc402,bfaafbad-d445-47d0-086e-d1097b1b338c,31a45db8-ceab-bc59-3d5b-7ca528c2c637,Riverdale Manufacturing,THD_V,THD Voltage,%,3.12,2026-08-06T09:52:48.000Z,true,ONLINE
d33128eb-419c-769d-5d82-5df9c001291a,5740cbe5-bac2-1d22-7f9c-e298a8ffc9b8,Press Line Meter A,34f8b660-eb91-a585-124f-772b134bc402,01875c7e-d248-dc57-be23-4fcf474f7e09,31a45db8-ceab-bc59-3d5b-7ca528c2c637,Riverdale Manufacturing,THD_I,THD Current,%,8.59,2026-08-06T09:52:48.000Z,true,ONLINE
5baa0555-7c27-7e23-65aa-08cd00bb4a7a,5740cbe5-bac2-1d22-7f9c-e298a8ffc9b8,Press Line Meter A,34f8b660-eb91-a585-124f-772b134bc402,199ae1ff-6bd4-8ff4-9559-2070f771ac31,31a45db8-ceab-bc59-3d5b-7ca528c2c637,Riverdale Manufacturing,TotalCost,Total Cost,PKR,35.9,2026-08-06T09:52:48.000Z,true,ONLINE
372bdac7-925f-ae6f-c4b4-f1fe2fc25407,91311ab0-8211-0ab2-8073-871b4d42ee7e,Press Line Meter B,6fabf6fd-97f5-e95d-65b1-a07757b94bf5,1cb77287-67bf-52d7-6b69-21c7daaa8542,31a45db8-ceab-bc59-3d5b-7ca528c2c637,Riverdale Manufacturing,VoltageA,Voltage Phase A,V,231.21,2026-08-06T09:52:12.000Z,true,ONLINE
8116ad7f-796e-fa18-12f1-530aa453c975,91311ab0-8211-0ab2-8073-871b4d42ee7e,Press Line Meter B,6fabf6fd-97f5-e95d-65b1-a07757b94bf5,9d923ede-6871-958d-501b-df6eca9b68e9,31a45db8-ceab-bc59-3d5b-7ca528c2c637,Riverdale Manufacturing,VoltageB,Voltage Phase B,V,230.46,2026-08-06T09:52:12.000Z,true,ONLINE
fddc5462-ad07-1d61-6cf1-6c7b63282bac,91311ab0-8211-0ab2-8073-871b4d42ee7e,Press Line Meter B,6fabf6fd-97f5-e95d-65b1-a07757b94bf5,f84bc1b7-167f-3d1a-974c-d85cf4965d3a,31a45db8-ceab-bc59-3d5b-7ca528c2c637,Riverdale Manufacturing,VoltageC,Voltage Phase C,V,232.15,2026-08-06T09:52:12.000Z,true,ONLINE
c5408873-8a4d-0212-36b1-4bc118fa009f,91311ab0-8211-0ab2-8073-871b4d42ee7e,Press Line Meter B,6fabf6fd-97f5-e95d-65b1-a07757b94bf5,50b0d57f-f8fe-9759-f5b0-997a9799e6b7,31a45db8-ceab-bc59-3d5b-7ca528c2c637,Riverdale Manufacturing,CurrentA,Current Phase A,A,25.41,2026-08-06T09:52:12.000Z,true,ONLINE
3e53ba4b-e852-ccb4-3cd5-1c3c63f9439e,91311ab0-8211-0ab2-8073-871b4d42ee7e,Press Line Meter B,6fabf6fd-97f5-e95d-65b1-a07757b94bf5,d2fe25f1-7c9b-254a-ddbc-0f9fdd56a8c1,31a45db8-ceab-bc59-3d5b-7ca528c2c637,Riverdale Manufacturing,CurrentB,Current Phase B,A,24.55,2026-08-06T09:52:12.000Z,true,ONLINE
a83b418b-87ee-9b5e-a08e-a63b7b121d77,91311ab0-8211-0ab2-8073-871b4d42ee7e,Press Line Meter B,6fabf6fd-97f5-e95d-65b1-a07757b94bf5,2ff313df-8b28-32c7-f528-fdfcb3a3c3d9,31a45db8-ceab-bc59-3d5b-7ca528c2c637,Riverdale Manufacturing,CurrentC,Current Phase C,A,25.94,2026-08-06T09:52:12.000Z,true,ONLINE
93bdef4a-49be-6117-0816-bba86dcc524e,91311ab0-8211-0ab2-8073-871b4d42ee7e,Press Line Meter B,6fabf6fd-97f5-e95d-65b1-a07757b94bf5,4495df54-050e-4388-e989-4d2aff528b57,31a45db8-ceab-bc59-3d5b-7ca528c2c637,Riverdale Manufacturing,ActivePower,Active Power,kW,5.48,2026-08-06T09:52:12.000Z,true,ONLINE
bd57a215-38d5-6621-421b-96d26c92f611,91311ab0-8211-0ab2-8073-871b4d42ee7e,Press Line Meter B,6fabf6fd-97f5-e95d-65b1-a07757b94bf5,66b1124a-12db-3664-8ced-a7f86d2c5cd2,31a45db8-ceab-bc59-3d5b-7ca528c2c637,Riverdale Manufacturing,ReactivePower,Reactive Power,kVar,2.56,2026-08-06T09:52:12.000Z,true,ONLINE
8914b022-d76a-d5a8-95c8-deef4a9d5fb1,91311ab0-8211-0ab2-8073-871b4d42ee7e,Press Line Meter B,6fabf6fd-97f5-e95d-65b1-a07757b94bf5,138d58e7-2d22-c88c-2a8b-4ffd13aae6d3,31a45db8-ceab-bc59-3d5b-7ca528c2c637,Riverdale Manufacturing,ApparentPower,Apparent Power,kVA,6.29,2026-08-06T09:52:12.000Z,true,ONLINE
29272b9f-f904-359f-9188-04efbb639107,91311ab0-8211-0ab2-8073-871b4d42ee7e,Press Line Meter B,6fabf6fd-97f5-e95d-65b1-a07757b94bf5,5d4f3e14-2d2f-d3dc-f9b2-34f4145c0681,31a45db8-ceab-bc59-3d5b-7ca528c2c637,Riverdale Manufacturing,PowerConsumption,Energy Consumption,kWh,34.6,2026-08-06T09:52:12.000Z,true,ONLINE
decdd954-25e4-624c-55e3-401b23818fed,91311ab0-8211-0ab2-8073-871b4d42ee7e,Press Line Meter B,6fabf6fd-97f5-e95d-65b1-a07757b94bf5,5ccad83e-e499-70c1-986e-45fd592d3a61,31a45db8-ceab-bc59-3d5b-7ca528c2c637,Riverdale Manufacturing,ExportPower,Export Energy,kWh,15,2026-08-06T09:52:12.000Z,true,ONLINE
71ef3391-48e7-bd98-9d26-1b9ed9903848,91311ab0-8211-0ab2-8073-871b4d42ee7e,Press Line Meter B,6fabf6fd-97f5-e95d-65b1-a07757b94bf5,f358bf80-9136-8ad9-cac3-95146120db5c,31a45db8-ceab-bc59-3d5b-7ca528c2c637,Riverdale Manufacturing,PowerFactor,Power Factor,ratio,0.87,2026-08-06T09:52:12.000Z,true,ONLINE
d074a467-e623-d70d-6fc1-4c61fd75a573,91311ab0-8211-0ab2-8073-871b4d42ee7e,Press Line Meter B,6fabf6fd-97f5-e95d-65b1-a07757b94bf5,7c9fb04b-0bab-58eb-067f-789f99676b38,31a45db8-ceab-bc59-3d5b-7ca528c2c637,Riverdale Manufacturing,Frequency,Frequency,Hz,50.07,2026-08-06T09:52:12.000Z,true,ONLINE
fc2af12b-fece-08fd-27a1-a1a104f11823,91311ab0-8211-0ab2-8073-871b4d42ee7e,Press Line Meter B,6fabf6fd-97f5-e95d-65b1-a07757b94bf5,01b90889-2a9f-02a9-5300-9b813801670d,31a45db8-ceab-bc59-3d5b-7ca528c2c637,Riverdale Manufacturing,VoltageImbalance,Voltage Imbalance,%,2.53,2026-08-06T09:52:12.000Z,true,ONLINE
806633f7-6a6e-a585-73ec-cf1e58832b8f,91311ab0-8211-0ab2-8073-871b4d42ee7e,Press Line Meter B,6fabf6fd-97f5-e95d-65b1-a07757b94bf5,7dc85aba-6bd0-b5b5-6ef6-b9b3fdd96e0e,31a45db8-ceab-bc59-3d5b-7ca528c2c637,Riverdale Manufacturing,CurrentImbalance,Current Imbalance,%,5.08,2026-08-06T09:52:12.000Z,true,ONLINE
305adbb8-6a1d-73d8-3f44-dce8f1e7fc01,91311ab0-8211-0ab2-8073-871b4d42ee7e,Press Line Meter B,6fabf6fd-97f5-e95d-65b1-a07757b94bf5,bfaafbad-d445-47d0-086e-d1097b1b338c,31a45db8-ceab-bc59-3d5b-7ca528c2c637,Riverdale Manufacturing,THD_V,THD Voltage,%,2.62,2026-08-06T09:52:12.000Z,true,ONLINE
89585e1e-e304-3695-2cab-91cee8f522da,91311ab0-8211-0ab2-8073-871b4d42ee7e,Press Line Meter B,6fabf6fd-97f5-e95d-65b1-a07757b94bf5,01875c7e-d248-dc57-be23-4fcf474f7e09,31a45db8-ceab-bc59-3d5b-7ca528c2c637,Riverdale Manufacturing,THD_I,THD Current,%,7.75,2026-08-06T09:52:12.000Z,true,ONLINE
f922eb94-5346-c058-279c-26e29eb7cdc8,91311ab0-8211-0ab2-8073-871b4d42ee7e,Press Line Meter B,6fabf6fd-97f5-e95d-65b1-a07757b94bf5,199ae1ff-6bd4-8ff4-9559-2070f771ac31,31a45db8-ceab-bc59-3d5b-7ca528c2c637,Riverdale Manufacturing,TotalCost,Total Cost,PKR,39.6,2026-08-06T09:52:12.000Z,true,ONLINE
5834298e-0dcc-4773-b8ef-0b868c0c75c9,440e66a4-0438-0f8d-e300-f686285fe89e,Compressor Bank Meter,379eccc0-22a9-c322-1c82-24b86e2f32da,1cb77287-67bf-52d7-6b69-21c7daaa8542,31a45db8-ceab-bc59-3d5b-7ca528c2c637,Riverdale Manufacturing,VoltageA,Voltage Phase A,V,226.44,2026-08-06T09:51:36.000Z,true,ONLINE
30b6bcc5-dad8-4754-caf8-75dd67dcd5f1,440e66a4-0438-0f8d-e300-f686285fe89e,Compressor Bank Meter,379eccc0-22a9-c322-1c82-24b86e2f32da,9d923ede-6871-958d-501b-df6eca9b68e9,31a45db8-ceab-bc59-3d5b-7ca528c2c637,Riverdale Manufacturing,VoltageB,Voltage Phase B,V,226.06,2026-08-06T09:51:36.000Z,true,ONLINE
f7e8b438-e1e8-e40f-4b39-7286e52c843e,440e66a4-0438-0f8d-e300-f686285fe89e,Compressor Bank Meter,379eccc0-22a9-c322-1c82-24b86e2f32da,f84bc1b7-167f-3d1a-974c-d85cf4965d3a,31a45db8-ceab-bc59-3d5b-7ca528c2c637,Riverdale Manufacturing,VoltageC,Voltage Phase C,V,227.22,2026-08-06T09:51:36.000Z,true,ONLINE
b918255b-2564-ca9d-2cec-27c1d91a57ca,440e66a4-0438-0f8d-e300-f686285fe89e,Compressor Bank Meter,379eccc0-22a9-c322-1c82-24b86e2f32da,50b0d57f-f8fe-9759-f5b0-997a9799e6b7,31a45db8-ceab-bc59-3d5b-7ca528c2c637,Riverdale Manufacturing,CurrentA,Current Phase A,A,17.58,2026-08-06T09:51:36.000Z,true,ONLINE
bdc98e5c-5b50-59b4-5d4b-ac002f6a8c21,440e66a4-0438-0f8d-e300-f686285fe89e,Compressor Bank Meter,379eccc0-22a9-c322-1c82-24b86e2f32da,d2fe25f1-7c9b-254a-ddbc-0f9fdd56a8c1,31a45db8-ceab-bc59-3d5b-7ca528c2c637,Riverdale Manufacturing,CurrentB,Current Phase B,A,17.64,2026-08-06T09:51:36.000Z,true,ONLINE
8cf67400-a8ab-6efd-8d02-267eb5db1106,440e66a4-0438-0f8d-e300-f686285fe89e,Compressor Bank Meter,379eccc0-22a9-c322-1c82-24b86e2f32da,2ff313df-8b28-32c7-f528-fdfcb3a3c3d9,31a45db8-ceab-bc59-3d5b-7ca528c2c637,Riverdale Manufacturing,CurrentC,Current Phase C,A,16.81,2026-08-06T09:51:36.000Z,true,ONLINE
efd44334-fd57-c041-fb9b-3a104324215a,440e66a4-0438-0f8d-e300-f686285fe89e,Compressor Bank Meter,379eccc0-22a9-c322-1c82-24b86e2f32da,4495df54-050e-4388-e989-4d2aff528b57,31a45db8-ceab-bc59-3d5b-7ca528c2c637,Riverdale Manufacturing,ActivePower,Active Power,kW,3.89,2026-08-06T09:51:36.000Z,true,ONLINE
701ed47c-afa7-648b-eaa1-9c64bbc0ba2f,440e66a4-0438-0f8d-e300-f686285fe89e,Compressor Bank Meter,379eccc0-22a9-c322-1c82-24b86e2f32da,66b1124a-12db-3664-8ced-a7f86d2c5cd2,31a45db8-ceab-bc59-3d5b-7ca528c2c637,Riverdale Manufacturing,ReactivePower,Reactive Power,kVar,1.56,2026-08-06T09:51:36.000Z,true,ONLINE
865a7d5e-4474-8e53-85f4-a09c6616aea2,440e66a4-0438-0f8d-e300-f686285fe89e,Compressor Bank Meter,379eccc0-22a9-c322-1c82-24b86e2f32da,138d58e7-2d22-c88c-2a8b-4ffd13aae6d3,31a45db8-ceab-bc59-3d5b-7ca528c2c637,Riverdale Manufacturing,ApparentPower,Apparent Power,kVA,4.17,2026-08-06T09:51:36.000Z,true,ONLINE
b7ffdc23-7f5b-38b1-307c-fdbbe1eaa3d0,440e66a4-0438-0f8d-e300-f686285fe89e,Compressor Bank Meter,379eccc0-22a9-c322-1c82-24b86e2f32da,5d4f3e14-2d2f-d3dc-f9b2-34f4145c0681,31a45db8-ceab-bc59-3d5b-7ca528c2c637,Riverdale Manufacturing,PowerConsumption,Energy Consumption,kWh,38.3,2026-08-06T09:51:36.000Z,true,ONLINE
34cd66f7-ca81-0431-a1d2-9c700ef660e8,440e66a4-0438-0f8d-e300-f686285fe89e,Compressor Bank Meter,379eccc0-22a9-c322-1c82-24b86e2f32da,5ccad83e-e499-70c1-986e-45fd592d3a61,31a45db8-ceab-bc59-3d5b-7ca528c2c637,Riverdale Manufacturing,ExportPower,Export Energy,kWh,15,2026-08-06T09:51:36.000Z,true,ONLINE
3f532675-b973-afa5-0c59-e22ebfe00a62,440e66a4-0438-0f8d-e300-f686285fe89e,Compressor Bank Meter,379eccc0-22a9-c322-1c82-24b86e2f32da,f358bf80-9136-8ad9-cac3-95146120db5c,31a45db8-ceab-bc59-3d5b-7ca528c2c637,Riverdale Manufacturing,PowerFactor,Power Factor,ratio,0.82,2026-08-06T09:51:36.000Z,true,ONLINE
24aad2af-e11c-1934-8ba7-04b841225df1,440e66a4-0438-0f8d-e300-f686285fe89e,Compressor Bank Meter,379eccc0-22a9-c322-1c82-24b86e2f32da,7c9fb04b-0bab-58eb-067f-789f99676b38,31a45db8-ceab-bc59-3d5b-7ca528c2c637,Riverdale Manufacturing,Frequency,Frequency,Hz,49.86,2026-08-06T09:51:36.000Z,true,ONLINE
97666afd-192d-ee3e-16ad-e3d84fe63858,440e66a4-0438-0f8d-e300-f686285fe89e,Compressor Bank Meter,379eccc0-22a9-c322-1c82-24b86e2f32da,01b90889-2a9f-02a9-5300-9b813801670d,31a45db8-ceab-bc59-3d5b-7ca528c2c637,Riverdale Manufacturing,VoltageImbalance,Voltage Imbalance,%,1.7,2026-08-06T09:51:36.000Z,true,ONLINE
614636c4-71b2-3ec5-6923-cd2c09e27ef3,440e66a4-0438-0f8d-e300-f686285fe89e,Compressor Bank Meter,379eccc0-22a9-c322-1c82-24b86e2f32da,7dc85aba-6bd0-b5b5-6ef6-b9b3fdd96e0e,31a45db8-ceab-bc59-3d5b-7ca528c2c637,Riverdale Manufacturing,CurrentImbalance,Current Imbalance,%,3.42,2026-08-06T09:51:36.000Z,true,ONLINE
fb899738-b779-88f9-eac1-8f1736f233c2,440e66a4-0438-0f8d-e300-f686285fe89e,Compressor Bank Meter,379eccc0-22a9-c322-1c82-24b86e2f32da,bfaafbad-d445-47d0-086e-d1097b1b338c,31a45db8-ceab-bc59-3d5b-7ca528c2c637,Riverdale Manufacturing,THD_V,THD Voltage,%,1.76,2026-08-06T09:51:36.000Z,true,ONLINE
25defe36-53ee-313f-c94f-90cad82f44b1,440e66a4-0438-0f8d-e300-f686285fe89e,Compressor Bank Meter,379eccc0-22a9-c322-1c82-24b86e2f32da,01875c7e-d248-dc57-be23-4fcf474f7e09,31a45db8-ceab-bc59-3d5b-7ca528c2c637,Riverdale Manufacturing,THD_I,THD Current,%,5.2,2026-08-06T09:51:36.000Z,true,ONLINE
ea889123-9eca-b981-6958-02bf10fe6399,440e66a4-0438-0f8d-e300-f686285fe89e,Compressor Bank Meter,379eccc0-22a9-c322-1c82-24b86e2f32da,199ae1ff-6bd4-8ff4-9559-2070f771ac31,31a45db8-ceab-bc59-3d5b-7ca528c2c637,Riverdale Manufacturing,TotalCost,Total Cost,PKR,43.3,2026-08-06T09:51:36.000Z,true,ONLINE
17b70a40-e817-7bd9-07a0-1ade7582d378,7bb68f35-07b1-9833-0a95-312b35acaec6,Paint Shop Meter,67af1486-eaac-58ca-7343-9e2bb4c028b3,1cb77287-67bf-52d7-6b69-21c7daaa8542,31a45db8-ceab-bc59-3d5b-7ca528c2c637,Riverdale Manufacturing,VoltageA,Voltage Phase A,V,229.23,2026-08-05T12:00:00.000Z,true,OFFLINE
d3affc62-ec00-762e-2461-69069e5b0217,7bb68f35-07b1-9833-0a95-312b35acaec6,Paint Shop Meter,67af1486-eaac-58ca-7343-9e2bb4c028b3,9d923ede-6871-958d-501b-df6eca9b68e9,31a45db8-ceab-bc59-3d5b-7ca528c2c637,Riverdale Manufacturing,VoltageB,Voltage Phase B,V,228.54,2026-08-05T12:00:00.000Z,true,OFFLINE
e09b2929-e1a1-a962-da2d-f8ffcdccff24,7bb68f35-07b1-9833-0a95-312b35acaec6,Paint Shop Meter,67af1486-eaac-58ca-7343-9e2bb4c028b3,f84bc1b7-167f-3d1a-974c-d85cf4965d3a,31a45db8-ceab-bc59-3d5b-7ca528c2c637,Riverdale Manufacturing,VoltageC,Voltage Phase C,V,230.69,2026-08-05T12:00:00.000Z,true,OFFLINE
a56ccb0c-3354-ae56-af7e-7ba36789895d,7bb68f35-07b1-9833-0a95-312b35acaec6,Paint Shop Meter,67af1486-eaac-58ca-7343-9e2bb4c028b3,50b0d57f-f8fe-9759-f5b0-997a9799e6b7,31a45db8-ceab-bc59-3d5b-7ca528c2c637,Riverdale Manufacturing,CurrentA,Current Phase A,A,21.03,2026-08-05T12:00:00.000Z,true,OFFLINE
af751b95-2950-efb9-92c0-10523cc08ce9,7bb68f35-07b1-9833-0a95-312b35acaec6,Paint Shop Meter,67af1486-eaac-58ca-7343-9e2bb4c028b3,d2fe25f1-7c9b-254a-ddbc-0f9fdd56a8c1,31a45db8-ceab-bc59-3d5b-7ca528c2c637,Riverdale Manufacturing,CurrentB,Current Phase B,A,21.66,2026-08-05T12:00:00.000Z,true,OFFLINE
82c496a6-c221-0466-1d1b-b486cb6f4808,7bb68f35-07b1-9833-0a95-312b35acaec6,Paint Shop Meter,67af1486-eaac-58ca-7343-9e2bb4c028b3,2ff313df-8b28-32c7-f528-fdfcb3a3c3d9,31a45db8-ceab-bc59-3d5b-7ca528c2c637,Riverdale Manufacturing,CurrentC,Current Phase C,A,21.93,2026-08-05T12:00:00.000Z,true,OFFLINE
8fdce7ee-b735-2cdb-6392-efb3f31fedd2,7bb68f35-07b1-9833-0a95-312b35acaec6,Paint Shop Meter,67af1486-eaac-58ca-7343-9e2bb4c028b3,4495df54-050e-4388-e989-4d2aff528b57,31a45db8-ceab-bc59-3d5b-7ca528c2c637,Riverdale Manufacturing,ActivePower,Active Power,kW,4.92,2026-08-05T12:00:00.000Z,true,OFFLINE
e464b813-7938-8145-f93c-92e15a715700,7bb68f35-07b1-9833-0a95-312b35acaec6,Paint Shop Meter,67af1486-eaac-58ca-7343-9e2bb4c028b3,66b1124a-12db-3664-8ced-a7f86d2c5cd2,31a45db8-ceab-bc59-3d5b-7ca528c2c637,Riverdale Manufacturing,ReactivePower,Reactive Power,kVar,2.31,2026-08-05T12:00:00.000Z,true,OFFLINE
3477b418-aba5-58d1-e0d4-7f5ccd5bd5c8,7bb68f35-07b1-9833-0a95-312b35acaec6,Paint Shop Meter,67af1486-eaac-58ca-7343-9e2bb4c028b3,138d58e7-2d22-c88c-2a8b-4ffd13aae6d3,31a45db8-ceab-bc59-3d5b-7ca528c2c637,Riverdale Manufacturing,ApparentPower,Apparent Power,kVA,5.33,2026-08-05T12:00:00.000Z,true,OFFLINE
15c9e917-5b93-6c53-0525-d6cd45b08b9b,7bb68f35-07b1-9833-0a95-312b35acaec6,Paint Shop Meter,67af1486-eaac-58ca-7343-9e2bb4c028b3,5d4f3e14-2d2f-d3dc-f9b2-34f4145c0681,31a45db8-ceab-bc59-3d5b-7ca528c2c637,Riverdale Manufacturing,PowerConsumption,Energy Consumption,kWh,42,2026-08-05T12:00:00.000Z,true,OFFLINE
7a6f76e9-12d8-c97b-42aa-af7a406fc779,7bb68f35-07b1-9833-0a95-312b35acaec6,Paint Shop Meter,67af1486-eaac-58ca-7343-9e2bb4c028b3,5ccad83e-e499-70c1-986e-45fd592d3a61,31a45db8-ceab-bc59-3d5b-7ca528c2c637,Riverdale Manufacturing,ExportPower,Export Energy,kWh,15,2026-08-05T12:00:00.000Z,true,OFFLINE
99c6c3b0-1c60-8d25-e792-5fc164be5592,7bb68f35-07b1-9833-0a95-312b35acaec6,Paint Shop Meter,67af1486-eaac-58ca-7343-9e2bb4c028b3,f358bf80-9136-8ad9-cac3-95146120db5c,31a45db8-ceab-bc59-3d5b-7ca528c2c637,Riverdale Manufacturing,PowerFactor,Power Factor,ratio,0.85,2026-08-05T12:00:00.000Z,true,OFFLINE
e356880f-cf41-2e83-a3ac-ac1224fe1e5d,7bb68f35-07b1-9833-0a95-312b35acaec6,Paint Shop Meter,67af1486-eaac-58ca-7343-9e2bb4c028b3,7c9fb04b-0bab-58eb-067f-789f99676b38,31a45db8-ceab-bc59-3d5b-7ca528c2c637,Riverdale Manufacturing,Frequency,Frequency,Hz,49.97,2026-08-05T12:00:00.000Z,true,OFFLINE
bf9bc316-8ac0-d4da-f63b-61f371ebd469,7bb68f35-07b1-9833-0a95-312b35acaec6,Paint Shop Meter,67af1486-eaac-58ca-7343-9e2bb4c028b3,01b90889-2a9f-02a9-5300-9b813801670d,31a45db8-ceab-bc59-3d5b-7ca528c2c637,Riverdale Manufacturing,VoltageImbalance,Voltage Imbalance,%,2.18,2026-08-05T12:00:00.000Z,true,OFFLINE
80f6e216-fbfb-9bd6-9b0d-0f9e652b0963,7bb68f35-07b1-9833-0a95-312b35acaec6,Paint Shop Meter,67af1486-eaac-58ca-7343-9e2bb4c028b3,7dc85aba-6bd0-b5b5-6ef6-b9b3fdd96e0e,31a45db8-ceab-bc59-3d5b-7ca528c2c637,Riverdale Manufacturing,CurrentImbalance,Current Imbalance,%,4.37,2026-08-05T12:00:00.000Z,true,OFFLINE
5adafb67-5d9e-456d-0055-19c3b4735964,7bb68f35-07b1-9833-0a95-312b35acaec6,Paint Shop Meter,67af1486-eaac-58ca-7343-9e2bb4c028b3,bfaafbad-d445-47d0-086e-d1097b1b338c,31a45db8-ceab-bc59-3d5b-7ca528c2c637,Riverdale Manufacturing,THD_V,THD Voltage,%,2.28,2026-08-05T12:00:00.000Z,true,OFFLINE
fa594de6-5008-df80-377d-3b51f63eb4c5,7bb68f35-07b1-9833-0a95-312b35acaec6,Paint Shop Meter,67af1486-eaac-58ca-7343-9e2bb4c028b3,01875c7e-d248-dc57-be23-4fcf474f7e09,31a45db8-ceab-bc59-3d5b-7ca528c2c637,Riverdale Manufacturing,THD_I,THD Current,%,6.52,2026-08-05T12:00:00.000Z,true,OFFLINE
8de1cbda-3f8f-dcb0-7845-085883e682cc,7bb68f35-07b1-9833-0a95-312b35acaec6,Paint Shop Meter,67af1486-eaac-58ca-7343-9e2bb4c028b3,199ae1ff-6bd4-8ff4-9559-2070f771ac31,31a45db8-ceab-bc59-3d5b-7ca528c2c637,Riverdale Manufacturing,TotalCost,Total Cost,PKR,47,2026-08-05T12:00:00.000Z,true,OFFLINE
8227b08b-d543-9101-b051-e902ddc6fea2,77d1f9a2-f1c3-5104-6e19-f489ad2a9353,Warehouse Main Meter,d1c88213-1463-f457-ecc6-d5954de61322,1cb77287-67bf-52d7-6b69-21c7daaa8542,31a45db8-ceab-bc59-3d5b-7ca528c2c637,Riverdale Manufacturing,VoltageA,Voltage Phase A,V,233.86,2026-08-06T09:50:24.000Z,true,ONLINE
47c5c91e-96f3-d38e-d87b-8d9efc4aab3b,77d1f9a2-f1c3-5104-6e19-f489ad2a9353,Warehouse Main Meter,d1c88213-1463-f457-ecc6-d5954de61322,9d923ede-6871-958d-501b-df6eca9b68e9,31a45db8-ceab-bc59-3d5b-7ca528c2c637,Riverdale Manufacturing,VoltageB,Voltage Phase B,V,232.61,2026-08-06T09:50:24.000Z,true,ONLINE
c6d9e24a-1532-bfe3-af9a-abefe4def0b0,77d1f9a2-f1c3-5104-6e19-f489ad2a9353,Warehouse Main Meter,d1c88213-1463-f457-ecc6-d5954de61322,f84bc1b7-167f-3d1a-974c-d85cf4965d3a,31a45db8-ceab-bc59-3d5b-7ca528c2c637,Riverdale Manufacturing,VoltageC,Voltage Phase C,V,234.04,2026-08-06T09:50:24.000Z,true,ONLINE
5688e979-2681-8621-a1b6-ebf49034fe33,77d1f9a2-f1c3-5104-6e19-f489ad2a9353,Warehouse Main Meter,d1c88213-1463-f457-ecc6-d5954de61322,50b0d57f-f8fe-9759-f5b0-997a9799e6b7,31a45db8-ceab-bc59-3d5b-7ca528c2c637,Riverdale Manufacturing,CurrentA,Current Phase A,A,30.36,2026-08-06T09:50:24.000Z,true,ONLINE
ba0e66aa-c0b6-22ae-4ad8-24b96d0b7daa,77d1f9a2-f1c3-5104-6e19-f489ad2a9353,Warehouse Main Meter,d1c88213-1463-f457-ecc6-d5954de61322,d2fe25f1-7c9b-254a-ddbc-0f9fdd56a8c1,31a45db8-ceab-bc59-3d5b-7ca528c2c637,Riverdale Manufacturing,CurrentB,Current Phase B,A,30.11,2026-08-06T09:50:24.000Z,true,ONLINE
ea7d35ae-58d2-9065-4731-cd04514d6027,77d1f9a2-f1c3-5104-6e19-f489ad2a9353,Warehouse Main Meter,d1c88213-1463-f457-ecc6-d5954de61322,2ff313df-8b28-32c7-f528-fdfcb3a3c3d9,31a45db8-ceab-bc59-3d5b-7ca528c2c637,Riverdale Manufacturing,CurrentC,Current Phase C,A,30.49,2026-08-06T09:50:24.000Z,true,ONLINE
ecbf52c4-268e-a47c-7bac-9208e4002f4e,77d1f9a2-f1c3-5104-6e19-f489ad2a9353,Warehouse Main Meter,d1c88213-1463-f457-ecc6-d5954de61322,4495df54-050e-4388-e989-4d2aff528b57,31a45db8-ceab-bc59-3d5b-7ca528c2c637,Riverdale Manufacturing,ActivePower,Active Power,kW,6.46,2026-08-06T09:50:24.000Z,true,ONLINE
165e6fd6-ec0f-29b2-87e0-414030dd2153,77d1f9a2-f1c3-5104-6e19-f489ad2a9353,Warehouse Main Meter,d1c88213-1463-f457-ecc6-d5954de61322,66b1124a-12db-3664-8ced-a7f86d2c5cd2,31a45db8-ceab-bc59-3d5b-7ca528c2c637,Riverdale Manufacturing,ReactivePower,Reactive Power,kVar,2.97,2026-08-06T09:50:24.000Z,true,ONLINE
81ca3c95-7dd9-d207-4f85-b1389ea41a24,77d1f9a2-f1c3-5104-6e19-f489ad2a9353,Warehouse Main Meter,d1c88213-1463-f457-ecc6-d5954de61322,138d58e7-2d22-c88c-2a8b-4ffd13aae6d3,31a45db8-ceab-bc59-3d5b-7ca528c2c637,Riverdale Manufacturing,ApparentPower,Apparent Power,kVA,7.62,2026-08-06T09:50:24.000Z,true,ONLINE
a779ddca-5685-dbc2-3f33-7ea49c182ef3,77d1f9a2-f1c3-5104-6e19-f489ad2a9353,Warehouse Main Meter,d1c88213-1463-f457-ecc6-d5954de61322,5d4f3e14-2d2f-d3dc-f9b2-34f4145c0681,31a45db8-ceab-bc59-3d5b-7ca528c2c637,Riverdale Manufacturing,PowerConsumption,Energy Consumption,kWh,45.7,2026-08-06T09:50:24.000Z,true,ONLINE
4ad1ac2f-c2fe-d400-5035-7b2e2d9ea255,77d1f9a2-f1c3-5104-6e19-f489ad2a9353,Warehouse Main Meter,d1c88213-1463-f457-ecc6-d5954de61322,5ccad83e-e499-70c1-986e-45fd592d3a61,31a45db8-ceab-bc59-3d5b-7ca528c2c637,Riverdale Manufacturing,ExportPower,Export Energy,kWh,15,2026-08-06T09:50:24.000Z,true,ONLINE
818aec1b-e365-56be-e3b0-a06588d50922,77d1f9a2-f1c3-5104-6e19-f489ad2a9353,Warehouse Main Meter,d1c88213-1463-f457-ecc6-d5954de61322,f358bf80-9136-8ad9-cac3-95146120db5c,31a45db8-ceab-bc59-3d5b-7ca528c2c637,Riverdale Manufacturing,PowerFactor,Power Factor,ratio,0.9,2026-08-06T09:50:24.000Z,true,ONLINE
a20a7276-7a3e-3e2b-e827-7fd6dea93a72,77d1f9a2-f1c3-5104-6e19-f489ad2a9353,Warehouse Main Meter,d1c88213-1463-f457-ecc6-d5954de61322,7c9fb04b-0bab-58eb-067f-789f99676b38,31a45db8-ceab-bc59-3d5b-7ca528c2c637,Riverdale Manufacturing,Frequency,Frequency,Hz,50.16,2026-08-06T09:50:24.000Z,true,ONLINE
b186ada9-2511-6da3-a179-68b6c3b702c7,77d1f9a2-f1c3-5104-6e19-f489ad2a9353,Warehouse Main Meter,d1c88213-1463-f457-ecc6-d5954de61322,01b90889-2a9f-02a9-5300-9b813801670d,31a45db8-ceab-bc59-3d5b-7ca528c2c637,Riverdale Manufacturing,VoltageImbalance,Voltage Imbalance,%,2.99,2026-08-06T09:50:24.000Z,true,ONLINE
96b6b0c9-4bbc-5dab-37bf-316722921f08,77d1f9a2-f1c3-5104-6e19-f489ad2a9353,Warehouse Main Meter,d1c88213-1463-f457-ecc6-d5954de61322,7dc85aba-6bd0-b5b5-6ef6-b9b3fdd96e0e,31a45db8-ceab-bc59-3d5b-7ca528c2c637,Riverdale Manufacturing,CurrentImbalance,Current Imbalance,%,5.65,2026-08-06T09:50:24.000Z,true,ONLINE
9f58a5ff-6a25-da1b-4fd6-f87e6e29e9a7,77d1f9a2-f1c3-5104-6e19-f489ad2a9353,Warehouse Main Meter,d1c88213-1463-f457-ecc6-d5954de61322,bfaafbad-d445-47d0-086e-d1097b1b338c,31a45db8-ceab-bc59-3d5b-7ca528c2c637,Riverdale Manufacturing,THD_V,THD Voltage,%,3.13,2026-08-06T09:50:24.000Z,true,ONLINE
857a0ce2-b4b7-b67d-0843-75c913032bce,77d1f9a2-f1c3-5104-6e19-f489ad2a9353,Warehouse Main Meter,d1c88213-1463-f457-ecc6-d5954de61322,01875c7e-d248-dc57-be23-4fcf474f7e09,31a45db8-ceab-bc59-3d5b-7ca528c2c637,Riverdale Manufacturing,THD_I,THD Current,%,9.18,2026-08-06T09:50:24.000Z,true,ONLINE
1fa99b16-c219-c9d5-699e-4d52b926e2ab,77d1f9a2-f1c3-5104-6e19-f489ad2a9353,Warehouse Main Meter,d1c88213-1463-f457-ecc6-d5954de61322,199ae1ff-6bd4-8ff4-9559-2070f771ac31,31a45db8-ceab-bc59-3d5b-7ca528c2c637,Riverdale Manufacturing,TotalCost,Total Cost,PKR,50.7,2026-08-06T09:50:24.000Z,true,ONLINE
7abe6dfe-5e8d-c3eb-bebd-88e8eae1be03,e1d0b3f2-d71e-18f3-fd40-218b43949ab9,Cold Storage Meter,ac5d1e0c-5b6f-ed37-bd98-5cfafb8e3379,1cb77287-67bf-52d7-6b69-21c7daaa8542,31a45db8-ceab-bc59-3d5b-7ca528c2c637,Riverdale Manufacturing,VoltageA,Voltage Phase A,V,229.31,2026-08-06T09:49:48.000Z,true,ONLINE
1b146dba-c2e8-2822-6654-9e6f56fd05ff,e1d0b3f2-d71e-18f3-fd40-218b43949ab9,Cold Storage Meter,ac5d1e0c-5b6f-ed37-bd98-5cfafb8e3379,9d923ede-6871-958d-501b-df6eca9b68e9,31a45db8-ceab-bc59-3d5b-7ca528c2c637,Riverdale Manufacturing,VoltageB,Voltage Phase B,V,228.91,2026-08-06T09:49:48.000Z,true,ONLINE
b08a8538-3f95-33fd-4af2-ed001bdbbc90,e1d0b3f2-d71e-18f3-fd40-218b43949ab9,Cold Storage Meter,ac5d1e0c-5b6f-ed37-bd98-5cfafb8e3379,f84bc1b7-167f-3d1a-974c-d85cf4965d3a,31a45db8-ceab-bc59-3d5b-7ca528c2c637,Riverdale Manufacturing,VoltageC,Voltage Phase C,V,230.04,2026-08-06T09:49:48.000Z,true,ONLINE
e5647ca1-9437-988a-5e98-bd229144692a,e1d0b3f2-d71e-18f3-fd40-218b43949ab9,Cold Storage Meter,ac5d1e0c-5b6f-ed37-bd98-5cfafb8e3379,50b0d57f-f8fe-9759-f5b0-997a9799e6b7,31a45db8-ceab-bc59-3d5b-7ca528c2c637,Riverdale Manufacturing,CurrentA,Current Phase A,A,23.25,2026-08-06T09:49:48.000Z,true,ONLINE
c365a1fa-375f-ba97-3bbc-f092f6dde396,e1d0b3f2-d71e-18f3-fd40-218b43949ab9,Cold Storage Meter,ac5d1e0c-5b6f-ed37-bd98-5cfafb8e3379,d2fe25f1-7c9b-254a-ddbc-0f9fdd56a8c1,31a45db8-ceab-bc59-3d5b-7ca528c2c637,Riverdale Manufacturing,CurrentB,Current Phase B,A,22.17,2026-08-06T09:49:48.000Z,true,ONLINE
c4cd0939-9292-7b2a-b309-60e9424ec148,e1d0b3f2-d71e-18f3-fd40-218b43949ab9,Cold Storage Meter,ac5d1e0c-5b6f-ed37-bd98-5cfafb8e3379,2ff313df-8b28-32c7-f528-fdfcb3a3c3d9,31a45db8-ceab-bc59-3d5b-7ca528c2c637,Riverdale Manufacturing,CurrentC,Current Phase C,A,21.96,2026-08-06T09:49:48.000Z,true,ONLINE
e4555556-7353-2e5a-d460-f0be0be67add,e1d0b3f2-d71e-18f3-fd40-218b43949ab9,Cold Storage Meter,ac5d1e0c-5b6f-ed37-bd98-5cfafb8e3379,4495df54-050e-4388-e989-4d2aff528b57,31a45db8-ceab-bc59-3d5b-7ca528c2c637,Riverdale Manufacturing,ActivePower,Active Power,kW,4.89,2026-08-06T09:49:48.000Z,true,ONLINE
35f96d19-9217-7ba5-0a8f-cb906e075de7,e1d0b3f2-d71e-18f3-fd40-218b43949ab9,Cold Storage Meter,ac5d1e0c-5b6f-ed37-bd98-5cfafb8e3379,66b1124a-12db-3664-8ced-a7f86d2c5cd2,31a45db8-ceab-bc59-3d5b-7ca528c2c637,Riverdale Manufacturing,ReactivePower,Reactive Power,kVar,2.24,2026-08-06T09:49:48.000Z,true,ONLINE
6641c1be-473d-798c-d7d8-d42416b97b3a,e1d0b3f2-d71e-18f3-fd40-218b43949ab9,Cold Storage Meter,ac5d1e0c-5b6f-ed37-bd98-5cfafb8e3379,138d58e7-2d22-c88c-2a8b-4ffd13aae6d3,31a45db8-ceab-bc59-3d5b-7ca528c2c637,Riverdale Manufacturing,ApparentPower,Apparent Power,kVA,5.39,2026-08-06T09:49:48.000Z,true,ONLINE
6407bd56-ee4b-051e-2581-6bf6f7303343,e1d0b3f2-d71e-18f3-fd40-218b43949ab9,Cold Storage Meter,ac5d1e0c-5b6f-ed37-bd98-5cfafb8e3379,5d4f3e14-2d2f-d3dc-f9b2-34f4145c0681,31a45db8-ceab-bc59-3d5b-7ca528c2c637,Riverdale Manufacturing,PowerConsumption,Energy Consumption,kWh,49.4,2026-08-06T09:49:48.000Z,true,ONLINE
f0b3aa13-3022-8502-885f-2ec464e31169,e1d0b3f2-d71e-18f3-fd40-218b43949ab9,Cold Storage Meter,ac5d1e0c-5b6f-ed37-bd98-5cfafb8e3379,5ccad83e-e499-70c1-986e-45fd592d3a61,31a45db8-ceab-bc59-3d5b-7ca528c2c637,Riverdale Manufacturing,ExportPower,Export Energy,kWh,15,2026-08-06T09:49:48.000Z,true,ONLINE
7c9b5a11-6322-97de-f0e2-fcda65d955de,e1d0b3f2-d71e-18f3-fd40-218b43949ab9,Cold Storage Meter,ac5d1e0c-5b6f-ed37-bd98-5cfafb8e3379,f358bf80-9136-8ad9-cac3-95146120db5c,31a45db8-ceab-bc59-3d5b-7ca528c2c637,Riverdale Manufacturing,PowerFactor,Power Factor,ratio,0.85,2026-08-06T09:49:48.000Z,true,ONLINE
6a1b1f31-394a-0485-f019-d5242a121f27,e1d0b3f2-d71e-18f3-fd40-218b43949ab9,Cold Storage Meter,ac5d1e0c-5b6f-ed37-bd98-5cfafb8e3379,7c9fb04b-0bab-58eb-067f-789f99676b38,31a45db8-ceab-bc59-3d5b-7ca528c2c637,Riverdale Manufacturing,Frequency,Frequency,Hz,49.99,2026-08-06T09:49:48.000Z,true,ONLINE
060fc3d6-ca13-53cf-e6c8-c155a504049b,e1d0b3f2-d71e-18f3-fd40-218b43949ab9,Cold Storage Meter,ac5d1e0c-5b6f-ed37-bd98-5cfafb8e3379,01b90889-2a9f-02a9-5300-9b813801670d,31a45db8-ceab-bc59-3d5b-7ca528c2c637,Riverdale Manufacturing,VoltageImbalance,Voltage Imbalance,%,2.08,2026-08-06T09:49:48.000Z,true,ONLINE
ba4509ae-d129-bdeb-87df-c5399405884a,e1d0b3f2-d71e-18f3-fd40-218b43949ab9,Cold Storage Meter,ac5d1e0c-5b6f-ed37-bd98-5cfafb8e3379,7dc85aba-6bd0-b5b5-6ef6-b9b3fdd96e0e,31a45db8-ceab-bc59-3d5b-7ca528c2c637,Riverdale Manufacturing,CurrentImbalance,Current Imbalance,%,4.19,2026-08-06T09:49:48.000Z,true,ONLINE
fcb97d5a-e79a-146b-fe7d-2894647fef35,e1d0b3f2-d71e-18f3-fd40-218b43949ab9,Cold Storage Meter,ac5d1e0c-5b6f-ed37-bd98-5cfafb8e3379,bfaafbad-d445-47d0-086e-d1097b1b338c,31a45db8-ceab-bc59-3d5b-7ca528c2c637,Riverdale Manufacturing,THD_V,THD Voltage,%,2.23,2026-08-06T09:49:48.000Z,true,ONLINE
f0949f88-3200-3d5e-a375-c4b6c39f8feb,e1d0b3f2-d71e-18f3-fd40-218b43949ab9,Cold Storage Meter,ac5d1e0c-5b6f-ed37-bd98-5cfafb8e3379,01875c7e-d248-dc57-be23-4fcf474f7e09,31a45db8-ceab-bc59-3d5b-7ca528c2c637,Riverdale Manufacturing,THD_I,THD Current,%,6.6,2026-08-06T09:49:48.000Z,true,ONLINE
828bded5-c7a0-544e-1d3b-924ab862b331,e1d0b3f2-d71e-18f3-fd40-218b43949ab9,Cold Storage Meter,ac5d1e0c-5b6f-ed37-bd98-5cfafb8e3379,199ae1ff-6bd4-8ff4-9559-2070f771ac31,31a45db8-ceab-bc59-3d5b-7ca528c2c637,Riverdale Manufacturing,TotalCost,Total Cost,PKR,54.4,2026-08-06T09:49:48.000Z,true,ONLINE
