id,deviceId,deviceName,deviceConfigSlaveId,organizationId,organizationName,timestamp,readings
c9d1c550-92e4-1a4a-32f1-f0d3bc790ad1,a0a447f8-db0a-2d48-0e7b-e8b8f43c52e9,Energy Meter 001,abc01f7a-b4a4-4f0e-2e5f-4e77d29e1839,260d819a-2473-7045-7f10-1a415c5df668,Greenfield Energy Co,2026-08-06T10:00:00.000Z,"{""VoltageA"":228.82,""VoltageB"":228.15,""VoltageC"":230,""CurrentA"":22.36,""ActivePower"":4.73,""PowerFactor"":0.85,""PowerConsumption"":8.7,""Frequency"":49.95}"
339b187d-0c9e-2691-4e10-00af248f33a7,a0a447f8-db0a-2d48-0e7b-e8b8f43c52e9,Energy Meter 001,abc01f7a-b4a4-4f0e-2e5f-4e77d29e1839,260d819a-2473-7045-7f10-1a415c5df668,Greenfield Energy Co,2026-08-06T09:00:00.000Z,"{""VoltageA"":230.75,""VoltageB"":229.24,""VoltageC"":232.01,""CurrentA"":24.77,""ActivePower"":5.22,""PowerFactor"":0.86,""PowerConsumption"":8.78,""Frequency"":50.03}"
592d88b2-4dee-d071-cde7-d6739c21c58e,a0a447f8-db0a-2d48-0e7b-e8b8f43c52e9,Energy Meter 001,abc01f7a-b4a4-4f0e-2e5f-4e77d29e1839,260d819a-2473-7045-7f10-1a415c5df668,Greenfield Energy Co,2026-08-06T08:00:00.000Z,"{""VoltageA"":231.96,""VoltageB"":230.59,""VoltageC"":232.43,""CurrentA"":25.82,""ActivePower"":5.52,""PowerFactor"":0.87,""PowerConsumption"":8.86,""Frequency"":50.07}"
d009efcb-691a-c166-797d-50046e84440d,a0a447f8-db0a-2d48-0e7b-e8b8f43c52e9,Energy Meter 001,abc01f7a-b4a4-4f0e-2e5f-4e77d29e1839,260d819a-2473-7045-7f10-1a415c5df668,Greenfield Energy Co,2026-08-06T07:00:00.000Z,"{""VoltageA"":233.24,""VoltageB"":232.08,""VoltageC"":234.3,""CurrentA"":27.88,""ActivePower"":6.18,""PowerFactor"":0.89,""PowerConsumption"":8.94,""Frequency"":50.11}"
fe40c116-e27e-ba58-1469-bf11c542aa51,a0a447f8-db0a-2d48-0e7b-e8b8f43c52e9,Energy Meter 001,abc01f7a-b4a4-4f0e-2e5f-4e77d29e1839,260d819a-2473-7045-7f10-1a415c5df668,Greenfield Energy Co,2026-08-06T06:00:00.000Z,"{""VoltageA"":233.78,""VoltageB"":232.53,""VoltageC"":234.81,""CurrentA"":29.83,""ActivePower"":6.21,""PowerFactor"":0.9,""PowerConsumption"":9.02,""Frequency"":50.17}"
bd5f159d-4798-71aa-12ed-242797a8b10a,a0a447f8-db0a-2d48-0e7b-e8b8f43c52e9,Energy Meter 001,abc01f7a-b4a4-4f0e-2e5f-4e77d29e1839,260d819a-2473-7045-7f10-1a415c5df668,Greenfield Energy Co,2026-08-06T05:00:00.000Z,"{""VoltageA"":233.9,""VoltageB"":233,""VoltageC"":234.14,""CurrentA"":29.7,""ActivePower"":6.34,""PowerFactor"":0.9,""PowerConsumption"":9.1,""Frequency"":50.12}"
b9a2702a-6008-e57b-9713-f5f9a9f23f06,a0a447f8-db0a-2d48-0e7b-e8b8f43c52e9,Energy Meter 001,abc01f7a-b4a4-4f0e-2e5f-4e77d29e1839,260d819a-2473-7045-7f10-1a415c5df668,Greenfield Energy Co,2026-08-06T04:00:00.000Z,"{""VoltageA"":232.95,""VoltageB"":231.49,""VoltageC"":234.42,""CurrentA"":27.95,""ActivePower"":6.08,""PowerFactor"":0.9,""PowerConsumption"":9.18,""Frequency"":50.13}"
a61559b0-eb5a-8034-778e-98c668ea8465,a0a447f8-db0a-2d48-0e7b-e8b8f43c52e9,Energy Meter 001,abc01f7a-b4a4-4f0e-2e5f-4e77d29e1839,260d819a-2473-7045-7f10-1a415c5df668,Greenfield Energy Co,2026-08-06T02:00:00.000Z,"{""VoltageA"":230.84,""VoltageB"":229.26,""VoltageC"":231.71,""CurrentA"":24.47,""ActivePower"":5.46,""PowerFactor"":0.86,""PowerConsumption"":9.34,""Frequency"":50.01}"
991eb738-6fa5-d386-f6be-fa605d7be79f,a0a447f8-db0a-2d48-0e7b-e8b8f43c52e9,Energy Meter 001,abc01f7a-b4a4-4f0e-2e5f-4e77d29e1839,260d819a-2473-7045-7f10-1a415c5df668,Greenfield Energy Co,2026-08-06T00:00:00.000Z,"{""VoltageA"":228.35,""VoltageB"":227.53,""VoltageC"":229.29,""CurrentA"":18.43,""ActivePower"":4.11,""PowerFactor"":0.84,""PowerConsumption"":9.5,""Frequency"":49.93}"
5138792c-8bc5-af22-c621-aa9c96554f23,a0a447f8-db0a-2d48-0e7b-e8b8f43c52e9,Energy Meter 001,abc01f7a-b4a4-4f0e-2e5f-4e77d29e1839,260d819a-2473-7045-7f10-1a415c5df668,Greenfield Energy Co,2026-08-05T22:00:00.000Z,"{""VoltageA"":226.9,""VoltageB"":225.88,""VoltageC"":226.96,""CurrentA"":16.89,""ActivePower"":3.86,""PowerFactor"":0.82,""PowerConsumption"":9.66,""Frequency"":49.86}"
ed2129f2-1829-90fa-7044-27fa1bda407b,ad0e1a81-3899-cf0d-3834-b15139c91c27,Energy Meter 002,76a4280b-3245-06b3-a5b2-4aa080748037,260d819a-2473-7045-7f10-1a415c5df668,Greenfield Energy Co,2026-08-06T10:00:00.000Z,"{""VoltageA"":227.14,""VoltageB"":225.98,""VoltageC"":227.98,""CurrentA"":16.77,""ActivePower"":3.88,""PowerFactor"":0.81,""PowerConsumption"":12.4,""Frequency"":49.86}"
b7edd6f9-4c2d-4065-b8f7-796a1b5e15fe,ad0e1a81-3899-cf0d-3834-b15139c91c27,Energy Meter 002,76a4280b-3245-06b3-a5b2-4aa080748037,260d819a-2473-7045-7f10-1a415c5df668,Greenfield Energy Co,2026-08-06T09:00:00.000Z,"{""VoltageA"":226.52,""VoltageB"":225.09,""VoltageC"":226.99,""CurrentA"":16.23,""ActivePower"":3.49,""PowerFactor"":0.82,""PowerConsumption"":12.48,""Frequency"":49.86}"
49309571-eabf-4a38-5d3e-74efe0240cd2,ad0e1a81-3899-cf0d-3834-b15139c91c27,Energy Meter 002,76a4280b-3245-06b3-a5b2-4aa080748037,260d819a-2473-7045-7f10-1a415c5df668,Greenfield Energy Co,2026-08-06T08:00:00.000Z,"{""VoltageA"":226.37,""VoltageB"":225.38,""VoltageC"":227.21,""CurrentA"":17.65,""ActivePower"":3.98,""PowerFactor"":0.82,""PowerConsumption"":12.56,""Frequency"":49.86}"
f745e9ef-ed1d-2fe4-913e-aa710e13509e,ad0e1a81-3899-cf0d-3834-b15139c91c27,Energy Meter 002,76a4280b-3245-06b3-a5b2-4aa080748037,260d819a-2473-7045-7f10-1a415c5df668,Greenfield Energy Co,2026-08-06T07:00:00.000Z,"{""VoltageA"":227.07,""VoltageB"":226.05,""VoltageC"":228.93,""CurrentA"":17.93,""ActivePower"":4.05,""PowerFactor"":0.83,""PowerConsumption"":12.64,""Frequency"":49.89}"
1e9c26a1-f7dc-8dac-1609-f57ce2b6462c,ad0e1a81-3899-cf0d-3834-b15139c91c27,Energy Meter 002,76a4280b-3245-06b3-a5b2-4aa080748037,260d819a-2473-7045-7f10-1a415c5df668,Greenfield Energy Co,2026-08-06T06:00:00.000Z,"{""VoltageA"":229,""VoltageB"":227.49,""VoltageC"":229.42,""CurrentA"":21.7,""ActivePower"":4.64,""PowerFactor"":0.83,""PowerConsumption"":12.72,""Frequency"":49.97}"
e20f0623-fbaa-d5da-1dc1-4121fd6cbdc5,ad0e1a81-3899-cf0d-3834-b15139c91c27,Energy Meter 002,76a4280b-3245-06b3-a5b2-4aa080748037,260d819a-2473-7045-7f10-1a415c5df668,Greenfield Energy Co,2026-08-06T05:00:00.000Z,"{""VoltageA"":229.77,""VoltageB"":228.92,""VoltageC"":230.94,""CurrentA"":24.2,""ActivePower"":5.19,""PowerFactor"":0.86,""PowerConsumption"":12.8,""Frequency"":49.98}"
6fbe2175-e0f6-a1e8-50a9-e0cfd76fb249,ad0e1a81-3899-cf0d-3834-b15139c91c27,Energy Meter 002,76a4280b-3245-06b3-a5b2-4aa080748037,260d819a-2473-7045-7f10-1a415c5df668,Greenfield Energy Co,2026-08-06T04:00:00.000Z,"{""VoltageA"":231.88,""VoltageB"":230.46,""VoltageC"":233.01,""CurrentA"":24.81,""ActivePower"":5.66,""PowerFactor"":0.87,""PowerConsumption"":12.88,""Frequency"":50.08}"
6626c1be-61b8-7aa4-cf11-f050bf104cfa,ad0e1a81-3899-cf0d-3834-b15139c91c27,Energy Meter 002,76a4280b-3245-06b3-a5b2-4aa080748037,260d819a-2473-7045-7f10-1a415c5df668,Greenfield Energy Co,2026-08-06T02:00:00.000Z,"{""VoltageA"":233.14,""VoltageB"":232.12,""VoltageC"":234.84,""CurrentA"":29.68,""ActivePower"":6.08,""PowerFactor"":0.9,""PowerConsumption"":13.04,""Frequency"":50.13}"
5a855c97-9ce0-5b96-fd20-db8ab9d4d8ab,ad0e1a81-3899-cf0d-3834-b15139c91c27,Energy Meter 002,76a4280b-3245-06b3-a5b2-4aa080748037,260d819a-2473-7045-7f10-1a415c5df668,Greenfield Energy Co,2026-08-06T00:00:00.000Z,"{""VoltageA"":232.89,""VoltageB"":232.49,""VoltageC"":233.82,""CurrentA"":28.64,""ActivePower"":6.42,""PowerFactor"":0.89,""PowerConsumption"":13.2,""Frequency"":50.13}"
1820d5b9-dd86-19c0-ef5d-91bf10b10e46,ad0e1a81-3899-cf0d-3834-b15139c91c27,Energy Meter 002,76a4280b-3245-06b3-a5b2-4aa080748037,260d819a-2473-7045-7f10-1a415c5df668,Greenfield Energy Co,2026-08-05T22:00:00.000Z,"{""VoltageA"":231.08,""VoltageB"":230.32,""VoltageC"":231.7,""CurrentA"":23.99,""ActivePower"":5.4,""PowerFactor"":0.87,""PowerConsumption"":13.36,""Frequency"":50.07}"
b4c3ca8c-afdb-165b-1380-97599cc3e16e,50721269-e628-a519-53b1-711cf83e4517,Energy Meter 003,ffcba61c-41dc-0ad6-dfa0-e51a19826942,260d819a-2473-7045-7f10-1a415c5df668,Greenfield Energy Co,2026-08-06T10:00:00.000Z,"{""VoltageA"":231.46,""VoltageB"":230.64,""VoltageC"":233.23,""CurrentA"":26.45,""ActivePower"":5.56,""PowerFactor"":0.88,""PowerConsumption"":16.1,""Frequency"":50.1}"
234f89f9-e68c-c83f-aa5a-3bb44e11d271,50721269-e628-a519-53b1-711cf83e4517,Energy Meter 003,ffcba61c-41dc-0ad6-dfa0-e51a19826942,260d819a-2473-7045-7f10-1a415c5df668,Greenfield Energy Co,2026-08-06T09:00:00.000Z,"{""VoltageA"":230.61,""VoltageB"":229.6,""VoltageC"":232.02,""CurrentA"":23.43,""ActivePower"":5.03,""PowerFactor"":0.86,""PowerConsumption"":16.18,""Frequency"":50.02}"
2408f272-4f49-9754-52f5-8ad3a4c52741,50721269-e628-a519-53b1-711cf83e4517,Energy Meter 003,ffcba61c-41dc-0ad6-dfa0-e51a19826942,260d819a-2473-7045-7f10-1a415c5df668,Greenfield Energy Co,2026-08-06T08:00:00.000Z,"{""VoltageA"":228.5,""VoltageB"":227.49,""VoltageC"":230.24,""CurrentA"":21.97,""ActivePower"":4.69,""PowerFactor"":0.85,""PowerConsumption"":16.26,""Frequency"":49.96}"
39a66972-c059-2976-477c-56d667079df3,50721269-e628-a519-53b1-711cf83e4517,Energy Meter 003,ffcba61c-41dc-0ad6-dfa0-e51a19826942,260d819a-2473-7045-7f10-1a415c5df668,Greenfield Energy Co,2026-08-06T07:00:00.000Z,"{""VoltageA"":228.04,""VoltageB"":226.28,""VoltageC"":228.3,""CurrentA"":18.56,""ActivePower"":4.15,""PowerFactor"":0.83,""PowerConsumption"":16.34,""Frequency"":49.89}"
a3f7e5af-44d8-6bcb-da4a-fba67d2f1015,50721269-e628-a519-53b1-711cf83e4517,Energy Meter 003,ffcba61c-41dc-0ad6-dfa0-e51a19826942,260d819a-2473-7045-7f10-1a415c5df668,Greenfield Energy Co,2026-08-06T06:00:00.000Z,"{""VoltageA"":226.27,""VoltageB"":225.26,""VoltageC"":228.14,""CurrentA"":16.85,""ActivePower"":3.79,""PowerFactor"":0.82,""PowerConsumption"":16.42,""Frequency"":49.88}"
c7a78ecd-1674-f946-fa96-ff685642e4ac,50721269-e628-a519-53b1-711cf83e4517,Energy Meter 003,ffcba61c-41dc-0ad6-dfa0-e51a19826942,260d819a-2473-7045-7f10-1a415c5df668,Greenfield Energy Co,2026-08-06T05:00:00.000Z,"{""VoltageA"":226.28,""VoltageB"":225.47,""VoltageC"":227.86,""CurrentA"":15.9,""ActivePower"":3.7,""PowerFactor"":0.81,""PowerConsumption"":16.5,""Frequency"":49.85}"
494f813d-5b23-7c6f-10fa-74bd51954fea,50721269-e628-a519-53b1-711cf83e4517,Energy Meter 003,ffcba61c-41dc-0ad6-dfa0-e51a19826942,260d819a-2473-7045-7f10-1a415c5df668,Greenfield Energy Co,2026-08-06T04:00:00.000Z,"{""VoltageA"":226.22,""VoltageB"":225.54,""VoltageC"":227.29,""CurrentA"":17.8,""ActivePower"":3.68,""PowerFactor"":0.82,""PowerConsumption"":16.58,""Frequency"":49.88}"
24e2152a-eedf-2330-c2c8-24829e8b62d7,50721269-e628-a519-53b1-711cf83e4517,Energy Meter 003,ffcba61c-41dc-0ad6-dfa0-e51a19826942,260d819a-2473-7045-7f10-1a415c5df668,Greenfield Energy Co,2026-08-06T02:00:00.000Z,"{""VoltageA"":228.48,""VoltageB"":227.8,""VoltageC"":229.14,""CurrentA"":19.84,""ActivePower"":4.58,""PowerFactor"":0.84,""PowerConsumption"":16.74,""Frequency"":49.92}"
cb4e14e7-18f9-9c96-3b5a-f6124936240c,50721269-e628-a519-53b1-711cf83e4517,Energy Meter 003,ffcba61c-41dc-0ad6-dfa0-e51a19826942,260d819a-2473-7045-7f10-1a415c5df668,Greenfield Energy Co,2026-08-06T00:00:00.000Z,"{""VoltageA"":231.26,""VoltageB"":229.98,""VoltageC"":232.78,""CurrentA"":24.87,""ActivePower"":5.28,""PowerFactor"":0.87,""PowerConsumption"":16.9,""Frequency"":50.07}"
a895d10b-48d6-a4b8-dc1c-61ba5b82d28f,50721269-e628-a519-53b1-711cf83e4517,Energy Meter 003,ffcba61c-41dc-0ad6-dfa0-e51a19826942,260d819a-2473-7045-7f10-1a415c5df668,Greenfield Energy Co,2026-08-05T22:00:00.000Z,"{""VoltageA"":233.86,""VoltageB"":232.34,""VoltageC"":234.47,""CurrentA"":28.29,""ActivePower"":6.37,""PowerFactor"":0.89,""PowerConsumption"":17.06,""Frequency"":50.13}"
a1c61a8f-8730-ca9e-1ea1-0938cccffa6b,1f760f66-0ee2-5f4c-2f8f-7c6c3da709c3,HVAC Meter North,04124948-69e8-6454-6e26-34f9475d9666,260d819a-2473-7045-7f10-1a415c5df668,Greenfield Energy Co,2026-08-06T10:00:00.000Z,"{""VoltageA"":228.24,""VoltageB"":227.19,""VoltageC"":228.99,""CurrentA"":18.47,""ActivePower"":4.22,""PowerFactor"":0.83,""PowerConsumption"":27.2,""Frequency"":49.89}"
06ecec58-2beb-2a40-cd95-a229ad3a0a39,1f760f66-0ee2-5f4c-2f8f-7c6c3da709c3,HVAC Meter North,04124948-69e8-6454-6e26-34f9475d9666,260d819a-2473-7045-7f10-1a415c5df668,Greenfield Energy Co,2026-08-06T09:00:00.000Z,"{""VoltageA"":226.31,""VoltageB"":226.14,""VoltageC"":227.49,""CurrentA"":17.88,""ActivePower"":3.81,""PowerFactor"":0.82,""PowerConsumption"":27.28,""Frequency"":49.88}"
552c32ec-f484-cea7-d195-ff1d00893357,1f760f66-0ee2-5f4c-2f8f-7c6c3da709c3,HVAC Meter North,04124948-69e8-6454-6e26-34f9475d9666,260d819a-2473-7045-7f10-1a415c5df668,Greenfield Energy Co,2026-08-06T08:00:00.000Z,"{""VoltageA"":225.96,""VoltageB"":224.88,""VoltageC"":227.49,""CurrentA"":16.94,""ActivePower"":3.82,""PowerFactor"":0.81,""PowerConsumption"":27.36,""Frequency"":49.84}"
f03bece8-e82f-5c80-b6e0-2a985dd13979,1f760f66-0ee2-5f4c-2f8f-7c6c3da709c3,HVAC Meter North,04124948-69e8-6454-6e26-34f9475d9666,260d819a-2473-7045-7f10-1a415c5df668,Greenfield Energy Co,2026-08-06T07:00:00.000Z,"{""VoltageA"":227.15,""VoltageB"":225.3,""VoltageC"":227.9,""CurrentA"":16.05,""ActivePower"":3.9,""PowerFactor"":0.81,""PowerConsumption"":27.44,""Frequency"":49.85}"
2307d71c-9d07-997a-1353-c54871278c1a,1f760f66-0ee2-5f4c-2f8f-7c6c3da709c3,HVAC Meter North,04124948-69e8-6454-6e26-34f9475d9666,260d819a-2473-7045-7f10-1a415c5df668,Greenfield Energy Co,2026-08-06T06:00:00.000Z,"{""VoltageA"":226.98,""VoltageB"":226.69,""VoltageC"":228.58,""CurrentA"":17.49,""ActivePower"":4.04,""PowerFactor"":0.82,""PowerConsumption"":27.52,""Frequency"":49.86}"
8c9319b8-8202-cbd8-dcbd-3ff4deb673c1,1f760f66-0ee2-5f4c-2f8f-7c6c3da709c3,HVAC Meter North,04124948-69e8-6454-6e26-34f9475d9666,260d819a-2473-7045-7f10-1a415c5df668,Greenfield Energy Co,2026-08-06T05:00:00.000Z,"{""VoltageA"":227.81,""VoltageB"":227.81,""VoltageC"":229.38,""CurrentA"":19.89,""ActivePower"":4.56,""PowerFactor"":0.84,""PowerConsumption"":27.6,""Frequency"":49.95}"
57d21ed7-f413-c055-4df0-b4399bbc6c91,1f760f66-0ee2-5f4c-2f8f-7c6c3da709c3,HVAC Meter North,04124948-69e8-6454-6e26-34f9475d9666,260d819a-2473-7045-7f10-1a415c5df668,Greenfield Energy Co,2026-08-06T04:00:00.000Z,"{""VoltageA"":229.29,""VoltageB"":228.64,""VoltageC"":230.72,""CurrentA"":21.82,""ActivePower"":5.08,""PowerFactor"":0.85,""PowerConsumption"":27.68,""Frequency"":50.01}"
ba3fa586-6fe7-adef-e5ab-92c28995684c,1f760f66-0ee2-5f4c-2f8f-7c6c3da709c3,HVAC Meter North,04124948-69e8-6454-6e26-34f9475d9666,260d819a-2473-7045-7f10-1a415c5df668,Greenfield Energy Co,2026-08-06T02:00:00.000Z,"{""VoltageA"":232.19,""VoltageB"":231.5,""VoltageC"":232.91,""CurrentA"":26.42,""ActivePower"":6.03,""PowerFactor"":0.88,""PowerConsumption"":27.84,""Frequency"":50.12}"
5ae2a4c0-e990-585b-cb7a-96cab2470fd8,1f760f66-0ee2-5f4c-2f8f-7c6c3da709c3,HVAC Meter North,04124948-69e8-6454-6e26-34f9475d9666,260d819a-2473-7045-7f10-1a415c5df668,Greenfield Energy Co,2026-08-06T00:00:00.000Z,"{""VoltageA"":233.86,""VoltageB"":232.77,""VoltageC"":234.49,""CurrentA"":29.03,""ActivePower"":6.15,""PowerFactor"":0.89,""PowerConsumption"":28,""Frequency"":50.16}"
12eed38b-72d9-cf97-533d-7eac40fe3740,1f760f66-0ee2-5f4c-2f8f-7c6c3da709c3,HVAC Meter North,04124948-69e8-6454-6e26-34f9475d9666,260d819a-2473-7045-7f10-1a415c5df668,Greenfield Energy Co,2026-08-05T22:00:00.000Z,"{""VoltageA"":232.54,""VoltageB"":231.23,""VoltageC"":233.11,""CurrentA"":27.94,""ActivePower"":6.02,""PowerFactor"":0.88,""PowerConsumption"":28.16,""Frequency"":50.09}"
23d7fa75-bf21-cab8-4dc3-9eac9d37c7a7,5740cbe5-bac2-1d22-7f9c-e298a8ffc9b8,Press Line Meter A,34f8b660-eb91-a585-124f-772b134bc402,31a45db8-ceab-bc59-3d5b-7ca528c2c637,Riverdale Manufacturing,2026-08-06T10:00:00.000Z,"{""VoltageA"":233.53,""VoltageB"":231.57,""VoltageC"":234.66,""CurrentA"":29.15,""ActivePower"":6.33,""PowerFactor"":0.89,""PowerConsumption"":30.9,""Frequency"":50.12}"
6a55f54f-99a8-bf1c-f2c6-3ba8db079bbb,5740cbe5-bac2-1d22-7f9c-e298a8ffc9b8,Press Line Meter A,34f8b660-eb91-a585-124f-772b134bc402,31a45db8-ceab-bc59-3d5b-7ca528c2c637,Riverdale Manufacturing,2026-08-06T09:00:00.000Z,"{""VoltageA"":232.22,""VoltageB"":230.68,""VoltageC"":233.2,""CurrentA"":27.2,""ActivePower"":5.88,""PowerFactor"":0.88,""PowerConsumption"":30.98,""Frequency"":50.07}"
4e167a41-7257-8527-f865-730afb5c84c6,5740cbe5-bac2-1d22-7f9c-e298a8ffc9b8,Press Line Meter A,34f8b660-eb91-a585-124f-772b134bc402,31a45db8-ceab-bc59-3d5b-7ca528c2c637,Riverdale Manufacturing,2026-08-06T08:00:00.000Z,"{""VoltageA"":230.97,""VoltageB"":229.93,""VoltageC"":232.32,""CurrentA"":25.45,""ActivePower"":5.23,""PowerFactor"":0.86,""PowerConsumption"":31.06,""Frequency"":50.03}"
dd32d1f3-ef98-894a-8990-c7d5aa621248,5740cbe5-bac2-1d22-7f9c-e298a8ffc9b8,Press Line Meter A,34f8b660-eb91-a585-124f-772b134bc402,31a45db8-ceab-bc59-3d5b-7ca528c2c637,Riverdale Manufacturing,2026-08-06T07:00:00.000Z,"{""VoltageA"":229.83,""VoltageB"":228.86,""VoltageC"":230.55,""CurrentA"":22.12,""ActivePower"":4.7,""PowerFactor"":0.85,""PowerConsumption"":31.14,""Frequency"":49.99}"
c792a5bb-4c4d-5952-4f6d-8a209d46d40e,5740cbe5-bac2-1d22-7f9c-e298a8ffc9b8,Press Line Meter A,34f8b660-eb91-a585-124f-772b134bc402,31a45db8-ceab-bc59-3d5b-7ca528c2c637,Riverdale Manufacturing,2026-08-06T06:00:00.000Z,"{""VoltageA"":228.4,""VoltageB"":227.37,""VoltageC"":228.88,""CurrentA"":19.36,""ActivePower"":4.37,""PowerFactor"":0.83,""PowerConsumption"":31.22,""Frequency"":49.91}"
b072933e-e593-1ebb-2c06-c7e65bbace3c,5740cbe5-bac2-1d22-7f9c-e298a8ffc9b8,Press Line Meter A,34f8b660-eb91-a585-124f-772b134bc402,31a45db8-ceab-bc59-3d5b-7ca528c2c637,Riverdale Manufacturing,2026-08-06T05:00:00.000Z,"{""VoltageA"":226.65,""VoltageB"":226.47,""VoltageC"":228.03,""CurrentA"":17.22,""ActivePower"":3.84,""PowerFactor"":0.82,""PowerConsumption"":31.3,""Frequency"":49.88}"
03205932-eb43-b371-4ac6-c223206c5846,5740cbe5-bac2-1d22-7f9c-e298a8ffc9b8,Press Line Meter A,34f8b660-eb91-a585-124f-772b134bc402,31a45db8-ceab-bc59-3d5b-7ca528c2c637,Riverdale Manufacturing,2026-08-06T04:00:00.000Z,"{""VoltageA"":227.03,""VoltageB"":225.31,""VoltageC"":227.49,""CurrentA"":16.09,""ActivePower"":3.73,""PowerFactor"":0.81,""PowerConsumption"":31.38,""Frequency"":49.85}"
4a0f42f6-ff55-393f-7a5d-c49d70615ec0,5740cbe5-bac2-1d22-7f9c-e298a8ffc9b8,Press Line Meter A,34f8b660-eb91-a585-124f-772b134bc402,31a45db8-ceab-bc59-3d5b-7ca528c2c637,Riverdale Manufacturing,2026-08-06T02:00:00.000Z,"{""VoltageA"":226.59,""VoltageB"":225.69,""VoltageC"":228.18,""CurrentA"":18.62,""ActivePower"":3.73,""PowerFactor"":0.82,""PowerConsumption"":31.54,""Frequency"":49.9}"
47b8b833-81c2-41c7-365f-60866ef4b2cd,5740cbe5-bac2-1d22-7f9c-e298a8ffc9b8,Press Line Meter A,34f8b660-eb91-a585-124f-772b134bc402,31a45db8-ceab-bc59-3d5b-7ca528c2c637,Riverdale Manufacturing,2026-08-06T00:00:00.000Z,"{""VoltageA"":229.51,""VoltageB"":228.26,""VoltageC"":230.5,""CurrentA"":21.63,""ActivePower"":4.88,""PowerFactor"":0.85,""PowerConsumption"":31.7,""Frequency"":49.96}"
ff02dc70-9c8f-3a64-1e61-8be335538b5d,5740cbe5-bac2-1d22-7f9c-e298a8ffc9b8,Press Line Meter A,34f8b660-eb91-a585-124f-772b134bc402,31a45db8-ceab-bc59-3d5b-7ca528c2c637,Riverdale Manufacturing,2026-08-05T22:00:00.000Z,"{""VoltageA"":232.21,""VoltageB"":231.6,""VoltageC"":232.51,""CurrentA"":27.18,""ActivePower"":5.62,""PowerFactor"":0.88,""PowerConsumption"":31.86,""Frequency"":50.07}"
271a568f-f777-99f3-4a33-26327e03466a,91311ab0-8211-0ab2-8073-871b4d42ee7e,Press Line Meter B,6fabf6fd-97f5-e95d-65b1-a07757b94bf5,31a45db8-ceab-bc59-3d5b-7ca528c2c637,Riverdale Manufacturing,2026-08-06T10:00:00.000Z,"{""VoltageA"":231.66,""VoltageB"":230.94,""VoltageC"":232.12,""CurrentA"":26.38,""ActivePower"":5.42,""PowerFactor"":0.88,""PowerConsumption"":34.6,""Frequency"":50.05}"
2588107d-2646-51d1-18e9-1ac0e95c69bd,91311ab0-8211-0ab2-8073-871b4d42ee7e,Press Line Meter B,6fabf6fd-97f5-e95d-65b1-a07757b94bf5,31a45db8-ceab-bc59-3d5b-7ca528c2c637,Riverdale Manufacturing,2026-08-06T09:00:00.000Z,"{""VoltageA"":232.16,""VoltageB"":231.87,""VoltageC"":233.55,""CurrentA"":27.66,""ActivePower"":5.82,""PowerFactor"":0.89,""PowerConsumption"":34.68,""Frequency"":50.09}"
fe41fc39-55d5-d081-f286-084b6151bdaf,91311ab0-8211-0ab2-8073-871b4d42ee7e,Press Line Meter B,6fabf6fd-97f5-e95d-65b1-a07757b94bf5,31a45db8-ceab-bc59-3d5b-7ca528c2c637,Riverdale Manufacturing,2026-08-06T08:00:00.000Z,"{""VoltageA"":233.16,""VoltageB"":232.65,""VoltageC"":234.86,""CurrentA"":30.26,""ActivePower"":6.18,""PowerFactor"":0.9,""PowerConsumption"":34.76,""Frequency"":50.14}"
22783ef3-4d90-1fb6-528b-7e88d27c4065,91311ab0-8211-0ab2-8073-871b4d42ee7e,Press Line Meter B,6fabf6fd-97f5-e95d-65b1-a07757b94bf5,31a45db8-ceab-bc59-3d5b-7ca528c2c637,Riverdale Manufacturing,2026-08-06T07:00:00.000Z,"{""VoltageA"":233.74,""VoltageB"":233.06,""VoltageC"":235.16,""CurrentA"":29.42,""ActivePower"":6.37,""PowerFactor"":0.89,""PowerConsumption"":34.84,""Frequency"":50.15}"
edd77ad4-e01d-c312-e4a4-c414dcc2a10d,91311ab0-8211-0ab2-8073-871b4d42ee7e,Press Line Meter B,6fabf6fd-97f5-e95d-65b1-a07757b94bf5,31a45db8-ceab-bc59-3d5b-7ca528c2c637,Riverdale Manufacturing,2026-08-06T06:00:00.000Z,"{""VoltageA"":232.97,""VoltageB"":232.67,""VoltageC"":233.74,""CurrentA"":29.59,""ActivePower"":6.33,""PowerFactor"":0.89,""PowerConsumption"":34.92,""Frequency"":50.14}"
6c886219-d938-28ef-276b-4fbb4dab60ea,91311ab0-8211-0ab2-8073-871b4d42ee7e,Press Line Meter B,6fabf6fd-97f5-e95d-65b1-a07757b94bf5,31a45db8-ceab-bc59-3d5b-7ca528c2c637,Riverdale Manufacturing,2026-08-06T05:00:00.000Z,"{""VoltageA"":232.81,""VoltageB"":231.39,""VoltageC"":233.79,""CurrentA"":27.32,""ActivePower"":5.92,""PowerFactor"":0.88,""PowerConsumption"":35,""Frequency"":50.09}"
8c0147d7-34b8-18d6-9d9f-29ce0ec3c0d1,91311ab0-8211-0ab2-8073-871b4d42ee7e,Press Line Meter B,6fabf6fd-97f5-e95d-65b1-a07757b94bf5,31a45db8-ceab-bc59-3d5b-7ca528c2c637,Riverdale Manufacturing,2026-08-06T04:00:00.000Z,"{""VoltageA"":231.69,""VoltageB"":230.58,""VoltageC"":231.97,""CurrentA"":25.97,""ActivePower"":5.56,""PowerFactor"":0.87,""PowerConsumption"":35.08,""Frequency"":50.05}"
3757df00-569e-90ec-4039-1aab99a034af,91311ab0-8211-0ab2-8073-871b4d42ee7e,Press Line Meter B,6fabf6fd-97f5-e95d-65b1-a07757b94bf5,31a45db8-ceab-bc59-3d5b-7ca528c2c637,Riverdale Manufacturing,2026-08-06T02:00:00.000Z,"{""VoltageA"":228.37,""VoltageB"":227.22,""VoltageC"":229.72,""CurrentA"":19.51,""ActivePower"":4.24,""PowerFactor"":0.84,""PowerConsumption"":35.24,""Frequency"":49.92}"
9b56a31b-ab6e-db1b-5bb5-df11b6172085,91311ab0-8211-0ab2-8073-871b4d42ee7e,Press Line Meter B,6fabf6fd-97f5-e95d-65b1-a07757b94bf5,31a45db8-ceab-bc59-3d5b-7ca528c2c637,Riverdale Manufacturing,2026-08-06T00:00:00.000Z,"{""VoltageA"":226.28,""VoltageB"":225.71,""VoltageC"":227.6,""CurrentA"":16.78,""ActivePower"":3.87,""PowerFactor"":0.81,""PowerConsumption"":35.4,""Frequency"":49.85}"
c59bfa2e-d661-134e-bcef-5223399e5ac0,91311ab0-8211-0ab2-8073-871b4d42ee7e,Press Line Meter B,6fabf6fd-97f5-e95d-65b1-a07757b94bf5,31a45db8-ceab-bc59-3d5b-7ca528c2c637,Riverdale Manufacturing,2026-08-05T22:00:00.000Z,"{""VoltageA"":226.41,""VoltageB"":225.78,""VoltageC"":227.92,""CurrentA"":17.2,""ActivePower"":3.92,""PowerFactor"":0.82,""PowerConsumption"":35.56,""Frequency"":49.87}"
baa43bb0-87f3-b905-1dfd-68e2a221381a,440e66a4-0438-0f8d-e300-f686285fe89e,Compressor Bank Meter,379eccc0-22a9-c322-1c82-24b86e2f32da,31a45db8-ceab-bc59-3d5b-7ca528c2c637,Riverdale Manufacturing,2026-08-06T10:00:00.000Z,"{""VoltageA"":226.48,""VoltageB"":225.41,""VoltageC"":227.83,""CurrentA"":16.3,""ActivePower"":3.81,""PowerFactor"":0.82,""PowerConsumption"":38.3,""Frequency"":49.85}"
ab53c9a6-8cd1-673a-3957-8ccc28e3f182,440e66a4-0438-0f8d-e300-f686285fe89e,Compressor Bank Meter,379eccc0-22a9-c322-1c82-24b86e2f32da,31a45db8-ceab-bc59-3d5b-7ca528c2c637,Riverdale Manufacturing,2026-08-06T09:00:00.000Z,"{""VoltageA"":227.31,""VoltageB"":226.11,""VoltageC"":228.67,""CurrentA"":18.8,""ActivePower"":4.01,""PowerFactor"":0.82,""PowerConsumption"":38.38,""Frequency"":49.86}"
1136aec2-adde-791a-4879-2dd29550deb5,440e66a4-0438-0f8d-e300-f686285fe89e,Compressor Bank Meter,379eccc0-22a9-c322-1c82-24b86e2f32da,31a45db8-ceab-bc59-3d5b-7ca528c2c637,Riverdale Manufacturing,2026-08-06T08:00:00.000Z,"{""VoltageA"":227.9,""VoltageB"":227.58,""VoltageC"":229,""CurrentA"":19.41,""ActivePower"":4.22,""PowerFactor"":0.83,""PowerConsumption"":38.46,""Frequency"":49.91}"
3656f9e6-4b42-d2fe-b48e-81e975a112f4,440e66a4-0438-0f8d-e300-f686285fe89e,Compressor Bank Meter,379eccc0-22a9-c322-1c82-24b86e2f32da,31a45db8-ceab-bc59-3d5b-7ca528c2c637,Riverdale Manufacturing,2026-08-06T07:00:00.000Z,"{""VoltageA"":229.56,""VoltageB"":228.47,""VoltageC"":230.3,""CurrentA"":23.24,""ActivePower"":4.88,""PowerFactor"":0.85,""PowerConsumption"":38.54,""Frequency"":50}"
1fa1b555-4339-0c76-ca30-b740e4badb91,440e66a4-0438-0f8d-e300-f686285fe89e,Compressor Bank Meter,379eccc0-22a9-c322-1c82-24b86e2f32da,31a45db8-ceab-bc59-3d5b-7ca528c2c637,Riverdale Manufacturing,2026-08-06T06:00:00.000Z,"{""VoltageA"":231.6,""VoltageB"":230.21,""VoltageC"":232.46,""CurrentA"":24.89,""ActivePower"":5.56,""PowerFactor"":0.87,""PowerConsumption"":38.62,""Frequency"":50.07}"
0eb22cca-16bb-920a-556c-cbd7ad6b8558,440e66a4-0438-0f8d-e300-f686285fe89e,Compressor Bank Meter,379eccc0-22a9-c322-1c82-24b86e2f32da,31a45db8-ceab-bc59-3d5b-7ca528c2c637,Riverdale Manufacturing,2026-08-06T05:00:00.000Z,"{""VoltageA"":232.51,""VoltageB"":231.14,""VoltageC"":233.4,""CurrentA"":26.9,""ActivePower"":5.89,""PowerFactor"":0.88,""PowerConsumption"":38.7,""Frequency"":50.1}"
38ca0a62-ed8f-676e-b791-20c4dc63bcf6,440e66a4-0438-0f8d-e300-f686285fe89e,Compressor Bank Meter,379eccc0-22a9-c322-1c82-24b86e2f32da,31a45db8-ceab-bc59-3d5b-7ca528c2c637,Riverdale Manufacturing,2026-08-06T04:00:00.000Z,"{""VoltageA"":232.82,""VoltageB"":232.07,""VoltageC"":234.52,""CurrentA"":28.51,""ActivePower"":6.19,""PowerFactor"":0.9,""PowerConsumption"":38.78,""Frequency"":50.12}"
c5fc29e5-8401-dc6e-7e2c-6c75328a3614,440e66a4-0438-0f8d-e300-f686285fe89e,Compressor Bank Meter,379eccc0-22a9-c322-1c82-24b86e2f32da,31a45db8-ceab-bc59-3d5b-7ca528c2c637,Riverdale Manufacturing,2026-08-06T02:00:00.000Z,"{""VoltageA"":233.55,""VoltageB"":232.54,""VoltageC"":234.19,""CurrentA"":28.6,""ActivePower"":6.3,""PowerFactor"":0.9,""PowerConsumption"":38.94,""Frequency"":50.15}"
48fbe06a-3eec-dcc0-c286-7e3b6663859e,440e66a4-0438-0f8d-e300-f686285fe89e,Compressor Bank Meter,379eccc0-22a9-c322-1c82-24b86e2f32da,31a45db8-ceab-bc59-3d5b-7ca528c2c637,Riverdale Manufacturing,2026-08-06T00:00:00.000Z,"{""VoltageA"":232.07,""VoltageB"":230.76,""VoltageC"":232.25,""CurrentA"":25.92,""ActivePower"":5.42,""PowerFactor"":0.87,""PowerConsumption"":39.1,""Frequency"":50.08}"
3e37c47e-64f9-17c9-8b5a-91c9a2ef1b71,440e66a4-0438-0f8d-e300-f686285fe89e,Compressor Bank Meter,379eccc0-22a9-c322-1c82-24b86e2f32da,31a45db8-ceab-bc59-3d5b-7ca528c2c637,Riverdale Manufacturing,2026-08-05T22:00:00.000Z,"{""VoltageA"":229.23,""VoltageB"":227.91,""VoltageC"":229.72,""CurrentA"":21.56,""ActivePower"":4.37,""PowerFactor"":0.84,""PowerConsumption"":39.26,""Frequency"":49.92}"
c0f793cf-4958-cc8a-d1fe-a2201eb0d215,77d1f9a2-f1c3-5104-6e19-f489ad2a9353,Warehouse Main Meter,d1c88213-1463-f457-ecc6-d5954de61322,31a45db8-ceab-bc59-3d5b-7ca528c2c637,Riverdale Manufacturing,2026-08-06T10:00:00.000Z,"{""VoltageA"":234,""VoltageB"":232.34,""VoltageC"":234.7,""CurrentA"":29.57,""ActivePower"":6.45,""PowerFactor"":0.89,""PowerConsumption"":45.7,""Frequency"":50.13}"
a4d3f30a-1482-2d03-69c5-9ad88b56fead,77d1f9a2-f1c3-5104-6e19-f489ad2a9353,Warehouse Main Meter,d1c88213-1463-f457-ecc6-d5954de61322,31a45db8-ceab-bc59-3d5b-7ca528c2c637,Riverdale Manufacturing,2026-08-06T09:00:00.000Z,"{""VoltageA"":232.92,""VoltageB"":231.78,""VoltageC"":234.14,""CurrentA"":30.06,""ActivePower"":6.25,""PowerFactor"":0.9,""PowerConsumption"":45.78,""Frequency"":50.14}"
856bf64e-af40-d70e-735a-df69af2f6967,77d1f9a2-f1c3-5104-6e19-f489ad2a9353,Warehouse Main Meter,d1c88213-1463-f457-ecc6-d5954de61322,31a45db8-ceab-bc59-3d5b-7ca528c2c637,Riverdale Manufacturing,2026-08-06T08:00:00.000Z,"{""VoltageA"":232.05,""VoltageB"":231.81,""VoltageC"":232.91,""CurrentA"":28.26,""ActivePower"":6.01,""PowerFactor"":0.88,""PowerConsumption"":45.86,""Frequency"":50.12}"
54dbf727-d0cc-d17b-008f-d268844152c1,77d1f9a2-f1c3-5104-6e19-f489ad2a9353,Warehouse Main Meter,d1c88213-1463-f457-ecc6-d5954de61322,31a45db8-ceab-bc59-3d5b-7ca528c2c637,Riverdale Manufacturing,2026-08-06T07:00:00.000Z,"{""VoltageA"":231.74,""VoltageB"":230.36,""VoltageC"":232.28,""CurrentA"":25.15,""ActivePower"":5.37,""PowerFactor"":0.87,""PowerConsumption"":45.94,""Frequency"":50.07}"
97769b7d-8335-3328-f28c-48f1b0517ad8,77d1f9a2-f1c3-5104-6e19-f489ad2a9353,Warehouse Main Meter,d1c88213-1463-f457-ecc6-d5954de61322,31a45db8-ceab-bc59-3d5b-7ca528c2c637,Riverdale Manufacturing,2026-08-06T06:00:00.000Z,"{""VoltageA"":229.57,""VoltageB"":228.48,""VoltageC"":231.3,""CurrentA"":21.88,""ActivePower"":5.04,""PowerFactor"":0.85,""PowerConsumption"":46.02,""Frequency"":50.01}"
b8147ac8-c800-13ba-8c6a-c49d8212d95f,77d1f9a2-f1c3-5104-6e19-f489ad2a9353,Warehouse Main Meter,d1c88213-1463-f457-ecc6-d5954de61322,31a45db8-ceab-bc59-3d5b-7ca528c2c637,Riverdale Manufacturing,2026-08-06T05:00:00.000Z,"{""VoltageA"":228.18,""VoltageB"":227.56,""VoltageC"":228.89,""CurrentA"":20.62,""ActivePower"":4.2,""PowerFactor"":0.84,""PowerConsumption"":46.1,""Frequency"":49.94}"
93bda492-ac79-7512-6481-b848a01353ab,77d1f9a2-f1c3-5104-6e19-f489ad2a9353,Warehouse Main Meter,d1c88213-1463-f457-ecc6-d5954de61322,31a45db8-ceab-bc59-3d5b-7ca528c2c637,Riverdale Manufacturing,2026-08-06T04:00:00.000Z,"{""VoltageA"":227.62,""VoltageB"":226.2,""VoltageC"":228.59,""CurrentA"":17.18,""ActivePower"":4.08,""PowerFactor"":0.82,""PowerConsumption"":46.18,""Frequency"":49.88}"
3f71a17d-41ca-53f5-b125-0eb116c2f791,77d1f9a2-f1c3-5104-6e19-f489ad2a9353,Warehouse Main Meter,d1c88213-1463-f457-ecc6-d5954de61322,31a45db8-ceab-bc59-3d5b-7ca528c2c637,Riverdale Manufacturing,2026-08-06T02:00:00.000Z,"{""VoltageA"":225.98,""VoltageB"":224.96,""VoltageC"":227.9,""CurrentA"":15.65,""ActivePower"":3.53,""PowerFactor"":0.82,""PowerConsumption"":46.34,""Frequency"":49.87}"
4724fc79-47bc-982a-f701-530995774707,77d1f9a2-f1c3-5104-6e19-f489ad2a9353,Warehouse Main Meter,d1c88213-1463-f457-ecc6-d5954de61322,31a45db8-ceab-bc59-3d5b-7ca528c2c637,Riverdale Manufacturing,2026-08-06T00:00:00.000Z,"{""VoltageA"":227.94,""VoltageB"":227.02,""VoltageC"":228.9,""CurrentA"":18.24,""ActivePower"":4.27,""PowerFactor"":0.83,""PowerConsumption"":46.5,""Frequency"":49.93}"
9b0af052-e9a9-9e29-148b-5f6ac5156431,77d1f9a2-f1c3-5104-6e19-f489ad2a9353,Warehouse Main Meter,d1c88213-1463-f457-ecc6-d5954de61322,31a45db8-ceab-bc59-3d5b-7ca528c2c637,Riverdale Manufacturing,2026-08-05T22:00:00.000Z,"{""VoltageA"":230.27,""VoltageB"":228.92,""VoltageC"":231.07,""CurrentA"":24.53,""ActivePower"":5.35,""PowerFactor"":0.86,""PowerConsumption"":46.66,""Frequency"":50.01}"
